Librarian_id,Librarian_first_name,Librarian_last_name,Email,Phone,Librarian_birth_date,Hire_date
200885937,Ron,Friedman,ron_friedman@gmail.com,051-3613182,1984-05-07,2010-02-27
302198528,Yael,Shamir,yael_shamir@gmail.com,053-7514837,1965-08-21,2023-10-20
358242451,Shira,Eliakim,shira74eliakim@jct.ac.il,053-3495553,1974-08-11,2013-01-26
290649268,Tomer,Berkowitz,tomer_berkowitz@gmail.com,050-2537072,1994-07-12,2015-06-21
353809353,Mor,Kahana,mor79kahana@gmail.com,050-2086730,1979-04-05,2007-06-25
217666684,David,Avraham,david_avraham69@jct.ac.il,053-5219721,1969-06-12,1997-07-21
362936221,Tal,Ben-David,tal_ben-david86@gmail.com,058-7986661,1986-02-01,2020-10-10
289982092,Shaked,Revivo,shaked_revivo@gmail.com,051-4954161,1973-11-06,2012-06-12
357314350,Yael,Tzur,yael_tzur62@gmail.com,050-1256379,1962-03-01,2003-12-03
242484194,Guy,Bernstein,guy_bernstein63@gmail.com,055-8452438,1963-09-28,2015-08-02
284950177,Rotem,Dayan,rotem_dayan@gmail.com,055-9014848,1960-08-09,1997-01-21
365825033,Adam,Dayan,adam92dayan@gmail.com,052-6774411,1992-01-15,2021-10-21
388284168,Dana,Malul,dana_malul66@jct.ac.il,051-6780300,1966-09-25,1994-07-07
283555837,Yael,Ben-Ari,yael84ben-ari@gmail.com,055-5230136,1984-12-06,2011-07-30
215243817,Itay,Eliakim,itay84eliakim@gmail.com,056-2687711,1984-09-02,2014-11-16
202124350,Ido,Tayeb,ido80tayeb@jct.ac.il,051-2000634,1980-06-26,2009-02-20
307732313,Mor,Tayeb,mor_tayeb99@jct.ac.il,051-2589507,1999-07-12,2019-07-22
284819760,Ido,Menahem,ido78menahem@jct.ac.il,053-1825052,1978-04-10,2006-11-07
355947888,Michael,Katz,michael_katz@jct.ac.il,051-3401124,1999-07-01,2023-09-24
369388905,Ron,Ben-David,ron72ben-david@gmail.com,050-8865961,1972-07-22,2023-03-30
263582710,Dana,Revivo,dana74revivo@gmail.com,057-0437543,1974-02-18,2022-06-08
263340143,Sarit,Bernstein,sarit_bernstein@gmail.com,055-1312304,1987-01-23,2015-06-21
336625082,Tal,Zohar,tal66zohar@gmail.com,055-4353310,1966-09-27,2022-08-09
238861546,Michael,Saban,michael_saban60@gmail.com,050-4816828,1960-05-09,2010-09-16
327109013,Dana,Cohen,dana_cohen@gmail.com,053-3466401,1990-10-17,2016-07-22
247316201,Shahar,Katz,shahar_katz99@gmail.com,056-6293655,1999-12-02,2023-08-29
264368390,Ori,Avraham,ori71avraham@gmail.com,057-5217578,1971-04-02,2012-06-09
315448548,Adi,Ben-Shitrit,adi64ben-shitrit@jct.ac.il,056-9827922,1964-06-20,1984-12-28
263996035,Jonathan,Fisher,jonathan_fisher93@gmail.com,050-1524950,1993-12-30,2017-09-02
230356354,Gal,Almog,gal_almog@jct.ac.il,052-7119909,1996-07-27,2018-09-20
305606196,Daniel,Danon,daniel_danon63@jct.ac.il,051-6831841,1963-06-28,2020-12-05
356670364,Noa,Zeltser,noa73zeltser@jct.ac.il,054-4868572,1973-11-18,2016-09-14
378822233,Liam,Mizrahi,liam03mizrahi@jct.ac.il,056-8506267,2003-09-07,2023-08-12
209347681,Bar,Avitan,bar90avitan@jct.ac.il,058-1533270,1990-05-22,2014-05-04
338387525,Shira,Bachar,shira_bachar@gmail.com,052-6564800,1996-06-17,2023-07-07
311782056,Liam,Zohar,liam81zohar@gmail.com,056-7106812,1981-05-23,2021-03-17
374830776,Noam,Menash,noam_menash81@jct.ac.il,052-7821399,1981-06-10,2012-03-23
398864504,Ron,Finkelstein,ron_finkelstein@jct.ac.il,055-1783711,1976-05-12,2001-05-07
250913167,Tal,Fisher,tal_fisher@jct.ac.il,056-6296167,1974-06-09,1996-06-18
343626172,Adam,Dagan,adam87dagan@gmail.com,055-4076927,1987-08-16,2022-06-25
362268922,Alon,Solomon,alon70solomon@gmail.com,054-1262761,1970-07-02,2018-06-09
394294102,Niv,Menash,niv_menash67@gmail.com,056-8743297,1967-11-23,2023-06-15
265299792,Dean,Herzog,dean_herzog@jct.ac.il,050-3119183,1960-03-17,2000-05-06
322215724,Tal,Tayeb,tal88tayeb@gmail.com,050-4971557,1988-12-25,2014-08-06
306192741,Itay,Elias,itay_elias82@jct.ac.il,058-6538401,1982-01-26,2023-02-25
387683428,Yael,Dagan,yael_dagan@jct.ac.il,056-0983587,1982-11-06,2014-03-18
309168086,Liam,Saban,liam_saban87@gmail.com,057-3016722,1987-12-02,2008-02-18
397795675,Yoav,Ben-Ari,yoav62ben-ari@gmail.com,058-3258203,1962-07-15,1982-02-10
280308818,Mor,Assouline,mor_assouline83@jct.ac.il,051-0608265,1983-01-12,2018-08-16
211269576,Dana,Ben-Shitrit,dana_ben-shitrit75@jct.ac.il,059-3167094,1975-04-05,2012-11-08
215996018,Dean,Gross,dean67gross@jct.ac.il,051-3863672,1967-07-26,2011-03-30
288004336,Ido,Shamir,ido_shamir@jct.ac.il,059-0348250,1976-09-26,2010-03-26
363189945,Gal,Finkelstein,gal81finkelstein@jct.ac.il,055-9662213,1981-11-03,2023-05-31
270296197,Sagi,Avraham,sagi73avraham@jct.ac.il,059-3209570,1973-10-17,1999-06-17
279342661,Mor,Menahem,mor90menahem@jct.ac.il,055-0504589,1990-10-25,2022-07-03
230006371,Tal,Zohar,tal_zohar91@gmail.com,050-3788218,1991-08-28,2012-03-21
224484428,Maya,Sabag,maya91sabag@gmail.com,055-0102813,1991-04-09,2016-11-22
313313090,Yael,Kramer,yael80kramer@jct.ac.il,052-3617353,1980-06-24,2012-03-21
328727094,Oren,Koren,oren_koren@jct.ac.il,056-6436039,1971-03-07,2007-06-28
312000334,Shahar,Kahana,shahar_kahana86@jct.ac.il,053-9453867,1986-04-16,2021-06-24
332663491,Jonathan,Fisher,jonathan_fisher00@jct.ac.il,053-4492176,2000-03-15,2020-11-25
283230282,Inbar,Avitan,inbar80avitan@gmail.com,056-0364706,1980-08-06,2012-05-24
371954678,Sarit,Ben-Shitrit,sarit_ben-shitrit02@jct.ac.il,055-6074274,2002-06-22,2023-01-30
204153969,Amit,Ziv,amit71ziv@gmail.com,052-6245969,1971-02-25,2013-08-17
201226883,Yael,Ben-David,yael_ben-david93@jct.ac.il,058-8018145,1993-11-13,2024-07-05
329222087,Noa,Revivo,noa_revivo@gmail.com,059-9284909,1972-01-03,1993-12-25
205161656,Yuval,Ziv,yuval_ziv@gmail.com,051-9408573,1993-04-21,2015-06-24
329529051,Liam,Baruch,liam_baruch68@gmail.com,059-9791641,1968-09-15,2011-11-11
343603908,Almog,Zohar,almog_zohar97@gmail.com,053-4249391,1997-06-13,2018-08-21
253940100,Dana,Sabag,dana_sabag95@jct.ac.il,055-1746219,1995-06-08,2023-07-24
211343306,Tomer,Sabag,tomer71sabag@gmail.com,059-1862318,1971-08-25,2011-06-27
216128694,Mor,Menash,mor95menash@gmail.com,053-8589970,1995-10-06,2019-08-21
385091780,Carmel,Biton,carmel_biton77@gmail.com,053-8560656,1977-02-06,2008-06-21
258688852,Ofir,Menash,ofir_menash@gmail.com,054-8220580,1971-01-22,2004-04-08
361196652,Shaked,Ben-Ari,shaked85ben-ari@jct.ac.il,057-5402692,1985-03-21,2017-12-13
326110640,Gefen,Almog,gefen_almog70@gmail.com,056-2922155,1970-03-22,2022-02-15
300165255,Mor,Neumann,mor_neumann@jct.ac.il,053-9782359,1974-02-14,1996-07-26
327100566,Ido,Herzog,ido_herzog70@gmail.com,055-8268417,1970-11-29,2005-07-18
244414132,Oren,Baruch,oren_baruch00@jct.ac.il,052-8267327,2000-10-26,2022-01-21
314782657,Bar,Cohen,bar_cohen70@jct.ac.il,059-9642175,1970-07-15,1991-07-06
318080587,Alon,Shamir,alon_shamir94@jct.ac.il,054-3218808,1994-06-26,2019-07-21
371638669,Guy,Malul,guy_malul60@jct.ac.il,059-7577657,1960-11-15,2008-11-16
301307625,Rotem,Zohar,rotem_zohar63@gmail.com,052-5578086,1963-05-12,1999-09-17
281471201,Eli,Tayeb,eli02tayeb@jct.ac.il,054-8539377,2002-07-05,2023-06-27
395868615,Adam,Menahem,adam97menahem@jct.ac.il,051-1887623,1997-11-23,2023-08-17
272834128,Yael,Ben-Shitrit,yael_ben-shitrit@jct.ac.il,054-7095370,1988-07-26,2011-06-15
200851160,Mor,Sabag,mor_sabag@gmail.com,050-6158349,1981-02-09,2006-04-14
206694648,Tal,Assouline,tal_assouline@jct.ac.il,052-3045067,1981-07-20,2024-11-28
382998003,Rotem,Ashkenazi,rotem96ashkenazi@gmail.com,059-3957857,1996-10-26,2021-05-18
343990297,Niv,Zeltser,niv_zeltser65@gmail.com,055-0051223,1965-06-27,2022-12-30
282181411,Yael,Dagan,yael_dagan74@gmail.com,056-4978275,1974-10-17,2002-11-18
260056007,Adi,Assouline,adi_assouline00@jct.ac.il,058-6886357,2000-01-29,2020-11-10
377486550,Yael,Almog,yael88almog@gmail.com,059-6632433,1988-09-05,2015-05-18
370320665,Daniel,Koren,daniel_koren00@jct.ac.il,056-6948749,2000-09-09,2023-06-29
282909407,Roni,Eliakim,roni82eliakim@gmail.com,051-3555437,1982-08-18,2009-05-22
386513287,Noam,Tzur,noam_tzur@gmail.com,055-2436997,1977-09-12,2020-07-21
326674793,Yael,Gross,yael_gross91@gmail.com,050-6335981,1991-02-23,2014-06-28
203027586,Ofir,Barak,ofir_barak77@gmail.com,053-6633734,1977-01-04,1997-06-09
268541885,Shira,Barak,shira_barak@gmail.com,051-7832456,1961-08-19,2002-10-17
315711143,Dana,Barak,dana_barak@jct.ac.il,053-0126415,1998-04-03,2022-05-14
261486492,Bar,Dayan,bar_dayan59@jct.ac.il,050-3671199,1959-06-26,2014-07-02
301452777,Gefen,Zeltser,gefen88zeltser@jct.ac.il,058-2087455,1988-05-31,2008-09-03
219037645,Yoav,Ziv,yoav99ziv@jct.ac.il,051-0405887,1999-11-02,2022-01-15
305539405,Tamar,Menahem,tamar_menahem@jct.ac.il,057-1088917,1969-09-30,2014-07-13
272134974,Yuval,Zohar,yuval79zohar@gmail.com,051-2809760,1979-01-29,2002-12-24
253658694,Adam,Dagan,adam_dagan@jct.ac.il,054-0655022,1977-08-18,2007-04-11
344036579,Asaf,Avitan,asaf_avitan79@gmail.com,053-3190436,1979-12-15,2008-12-22
381043645,Roni,Dagan,roni_dagan60@gmail.com,050-5404524,1960-11-14,2024-02-08
363657867,Sarit,Ashkenazi,sarit95ashkenazi@jct.ac.il,050-0413901,1995-01-08,2023-10-25
266085976,Sarit,Bernstein,sarit_bernstein@jct.ac.il,052-3262545,1973-07-31,1997-04-26
275071561,Tal,Solomon,tal93solomon@gmail.com,050-1013767,1993-10-27,2020-11-07
269170593,Yael,Peretz,yael_peretz@jct.ac.il,057-6887075,1996-09-23,2016-09-16
367901899,Jonathan,Zeltser,jonathan_zeltser90@gmail.com,055-9985833,1990-07-13,2011-07-21
262603137,Adi,Ben-David,adi_ben-david86@gmail.com,055-3592568,1986-05-30,2024-01-05
329193346,Roni,Fisher,roni_fisher@gmail.com,059-3880026,1996-11-19,2021-12-25
374983211,Liam,Sabag,liam92sabag@gmail.com,056-3863414,1992-11-15,2016-06-24
397139437,Sagi,Katz,sagi01katz@gmail.com,059-3149283,2001-01-06,2022-03-02
314552597,Ofir,Levi,ofir_levi@gmail.com,056-7106535,1966-11-15,2024-07-03
375383155,Jonathan,Avraham,jonathan_avraham@jct.ac.il,056-4913429,2003-06-18,2024-05-27
220538110,Shaked,Revivo,shaked_revivo82@gmail.com,053-8232715,1982-09-01,2019-03-11
294120373,Asaf,Ben-David,asaf_ben-david@gmail.com,050-3652629,1972-03-25,2021-08-26
270268295,Inbar,Solomon,inbar_solomon86@gmail.com,053-4678947,1986-06-26,2019-09-03
209926450,Raz,Ben-Shitrit,raz69ben-shitrit@jct.ac.il,054-8242201,1969-10-20,2017-06-06
219845013,Gefen,Zeltser,gefen_zeltser88@jct.ac.il,058-1358130,1988-02-19,2019-06-24
221873193,Sarit,Cohen,sarit74cohen@jct.ac.il,051-0050291,1974-11-07,2018-11-25
213253230,Shahar,Malul,shahar_malul@jct.ac.il,052-0528620,1965-03-08,1994-08-01
391066552,Eli,Zohar,eli_zohar@jct.ac.il,059-9947411,1968-12-08,1997-01-20
380683862,Adam,Herzog,adam80herzog@gmail.com,055-5967947,1980-07-23,2001-11-01
305564643,Mor,Solomon,mor_solomon@gmail.com,050-8737352,1979-09-13,2005-04-09
397599127,Abigail,Koren,abigail60koren@jct.ac.il,053-9912597,1960-08-29,2005-08-21
374362754,Roni,Revivo,roni93revivo@jct.ac.il,059-1015942,1993-04-04,2024-01-22
228565115,David,Ben-Ari,david98ben-ari@jct.ac.il,051-0301368,1998-05-12,2024-04-09
257019273,Eli,Avitan,eli59avitan@gmail.com,058-5349571,1959-01-25,2005-04-26
272950205,Guy,Rafael,guy_rafael@gmail.com,055-2595002,1965-09-24,2015-05-26
240447144,Shira,Tzur,shira93tzur@gmail.com,057-7914497,1993-02-10,2024-01-04
275973766,Oren,Eliakim,oren81eliakim@gmail.com,057-7287740,1981-08-19,2008-03-12
324849645,Alon,Revivo,alon83revivo@jct.ac.il,052-3803079,1983-11-01,2022-07-12
287396774,Niv,Fisher,niv_fisher96@gmail.com,054-6332907,1996-09-11,2017-04-04
268722105,Sarit,Zeltser,sarit_zeltser@jct.ac.il,059-3561892,1975-09-10,1999-07-12
273665802,Shahar,Fisher,shahar_fisher69@jct.ac.il,054-2232964,1969-03-24,1991-07-21
255595993,Alon,Ben-David,alon62ben-david@jct.ac.il,050-9078226,1962-10-21,2008-08-26
248942815,Itay,Kramer,itay_kramer@gmail.com,052-4860235,1967-12-03,2010-03-03
207094053,Shira,Mizrahi,shira62mizrahi@jct.ac.il,055-0002052,1962-12-19,1991-12-27
305749822,Inbar,Barak,inbar_barak@gmail.com,054-1445119,1998-05-12,2023-04-18
300221710,Ido,Friedman,ido_friedman@gmail.com,059-0733067,1965-05-17,1995-06-05
272854340,Michael,Zohar,michael_zohar73@gmail.com,059-1781672,1973-09-04,2016-12-07
318471364,Carmel,Kahana,carmel_kahana96@gmail.com,051-3188982,1996-08-23,2018-10-21
325460236,Yael,Biton,yael_biton@jct.ac.il,056-4421020,1960-12-29,1998-04-12
203821541,Guy,Friedman,guy_friedman59@gmail.com,059-0269756,1959-04-23,2000-01-19
202316642,Itay,Menahem,itay61menahem@jct.ac.il,052-3311026,1961-07-19,1987-03-16
321425431,Yoav,Saban,yoav71saban@gmail.com,055-2800103,1971-12-23,2002-12-08
294799614,Eli,Mizrahi,eli96mizrahi@jct.ac.il,057-3508907,1996-01-08,2020-05-01
343291431,Sagi,Herzog,sagi_herzog00@jct.ac.il,058-3712620,2000-06-19,2023-10-03
275273902,Tomer,Tayeb,tomer67tayeb@jct.ac.il,058-2843654,1967-07-06,2023-01-08
202809745,Raz,Saban,raz_saban80@gmail.com,058-6374385,1980-01-25,2023-06-29
275518793,Dana,Menahem,dana_menahem60@jct.ac.il,059-0662590,1960-06-06,2006-06-15
377031109,Gabriel,Avitan,gabriel_avitan@jct.ac.il,058-7045549,1980-03-27,2000-04-03
272126426,Abigail,Shaked,abigail_shaked64@gmail.com,054-7342767,1964-03-23,2011-09-17
398637793,Eli,Zohar,eli_zohar@gmail.com,056-2846152,1990-06-04,2018-10-29
391388998,Sarit,Koren,sarit_koren@jct.ac.il,054-7532575,1999-10-02,2020-09-14
280326901,Sagi,Dayan,sagi_dayan83@jct.ac.il,057-5161533,1983-12-02,2024-06-13
277425112,Eli,Elias,eli_elias62@gmail.com,054-6213538,1962-01-29,2000-03-16
370173353,Hila,Ziv,hila_ziv@jct.ac.il,055-2935037,1968-10-23,2011-10-01
228280574,Sarit,Revivo,sarit74revivo@gmail.com,051-9712170,1974-11-19,2023-08-07
272539917,Raz,Finkelstein,raz_finkelstein@gmail.com,054-2905953,1984-01-27,2016-07-06
273385716,Mor,Zohar,mor_zohar96@gmail.com,057-1607529,1996-04-19,2016-10-25
373430313,Liam,Shaked,liam_shaked82@gmail.com,056-9791008,1982-10-25,2016-01-28
387729908,Guy,Elias,guy_elias@gmail.com,050-3022076,1990-05-25,2017-07-29
292019064,Yael,Fisher,yael92fisher@jct.ac.il,053-9540031,1992-07-28,2013-06-11
347495715,Oren,Bernstein,oren_bernstein02@jct.ac.il,052-5888836,2002-09-17,2022-10-31
203922083,Liam,Stern,liam92stern@jct.ac.il,051-5844287,1992-08-31,2015-03-15
271057887,Ofir,Shaked,ofir_shaked74@jct.ac.il,057-1182305,1974-12-16,2011-04-12
226635274,Gal,Menash,gal_menash@jct.ac.il,058-6534417,1989-08-11,2024-12-16
201154135,Raz,Shaked,raz95shaked@jct.ac.il,055-1181809,1995-07-16,2024-05-21
230250847,Sagi,Neumann,sagi96neumann@jct.ac.il,050-2929790,1996-11-21,2019-06-24
273731877,Tomer,Sabag,tomer_sabag66@gmail.com,053-8856661,1966-06-22,1991-04-06
352058077,Noa,Almog,noa_almog@jct.ac.il,058-3606733,1976-09-11,2002-06-29
235274826,Noa,Barak,noa_barak84@jct.ac.il,053-9305299,1984-02-26,2016-06-06
373952407,Alon,Rosen,alon_rosen89@jct.ac.il,054-5334611,1989-08-03,2019-02-26
206653354,Gabriel,Dayan,gabriel_dayan69@gmail.com,053-7955643,1969-02-14,2000-03-25
394401277,Sagi,Avraham,sagi_avraham@gmail.com,059-3178391,1984-05-29,2004-06-04
346059678,Noa,Katz,noa74katz@jct.ac.il,055-9457506,1974-04-05,2018-08-11
259978567,Sagi,Malul,sagi_malul94@gmail.com,057-5409405,1994-08-07,2024-09-07
380598680,Shaked,Almog,shaked_almog@jct.ac.il,055-7768974,1987-08-27,2022-09-19
273386110,Gal,Rosen,gal_rosen67@jct.ac.il,058-1796683,1967-12-15,2017-05-08
251020210,Shaked,Avraham,shaked62avraham@gmail.com,054-5800272,1962-12-05,2001-09-09
286218151,Mor,Tayeb,mor_tayeb@gmail.com,056-6705607,1994-12-30,2017-09-11
372004424,Oren,Neumann,oren_neumann@jct.ac.il,055-3574156,1993-02-12,2018-04-20
205997588,Jonathan,Zohar,jonathan_zohar@jct.ac.il,055-7504714,1999-02-12,2023-01-23
356568279,Abigail,Mizrahi,abigail67mizrahi@gmail.com,050-4033877,1967-09-18,1988-08-19
397996240,Gal,Assouline,gal_assouline68@gmail.com,052-3920851,1968-11-17,1990-07-26
394518286,Amit,Avraham,amit_avraham@gmail.com,050-1398807,1997-08-20,2022-02-25
342406105,Adam,Malul,adam84malul@gmail.com,055-1032928,1984-01-22,2015-09-22
266146166,Adam,Menahem,adam_menahem@jct.ac.il,054-1327046,1999-01-28,2020-02-09
251201281,Guy,Assouline,guy_assouline@gmail.com,058-8352730,1977-05-18,2021-12-26
316340561,Inbar,Rosen,inbar_rosen@gmail.com,053-9068466,1964-07-22,2000-10-07
385533765,Dean,Neumann,dean_neumann63@gmail.com,056-9567167,1963-12-10,1985-11-28
334260312,Hila,Zeltser,hila_zeltser@jct.ac.il,056-1178707,1986-07-10,2021-08-03
243991932,Alon,Fisher,alon_fisher81@gmail.com,053-8312644,1981-07-29,2019-09-11
388993412,Dean,Mizrahi,dean_mizrahi@gmail.com,052-8725327,2003-02-19,2023-09-25
255586604,Gefen,Cohen,gefen68cohen@jct.ac.il,055-7014192,1968-01-16,1992-12-29
395540990,Tal,Katz,tal59katz@jct.ac.il,053-0561072,1959-04-26,1995-03-14
226642718,Amit,Zeltser,amit_zeltser81@jct.ac.il,059-5642327,1981-11-20,2005-07-04
238756902,Shaked,Eliakim,shaked_eliakim88@jct.ac.il,058-4170189,1988-10-17,2012-05-04
200531127,Almog,Revivo,almog_revivo92@jct.ac.il,055-9198007,1992-01-27,2016-01-06
269548038,Alon,Malul,alon_malul79@gmail.com,055-5195985,1979-10-11,2020-02-17
340042613,Bar,Avitan,bar_avitan@jct.ac.il,055-9784111,1966-02-19,2005-11-27
261189112,Maya,Shamir,maya_shamir@jct.ac.il,051-5770824,1989-02-08,2018-07-28
227864667,Tal,Bernstein,tal_bernstein@jct.ac.il,051-3996641,1971-06-24,2004-08-28
339411357,Shira,Biton,shira02biton@gmail.com,058-8366211,2002-06-26,2022-01-25
331803783,Yael,Bernstein,yael76bernstein@jct.ac.il,053-0179128,1976-01-20,2021-04-03
271395493,Jonathan,Sabag,jonathan71sabag@jct.ac.il,052-9940755,1971-09-07,2010-05-26
227543469,Niv,Ben-David,niv_ben-david74@jct.ac.il,053-8299945,1974-11-22,1994-02-16
396735086,Itay,Dagan,itay71dagan@gmail.com,056-5738795,1971-10-18,2014-07-13
355302167,Asaf,Zohar,asaf_zohar93@jct.ac.il,057-7495570,1993-06-17,2015-09-05
245463468,Adi,Almog,adi_almog@gmail.com,051-3669691,1983-07-02,2021-10-10
202213385,Yael,Ziv,yael_ziv@gmail.com,052-0225647,1994-11-18,2019-04-08
330212051,Guy,Ashkenazi,guy68ashkenazi@gmail.com,059-4033284,1968-12-15,2009-03-20
215129123,Inbar,Ben-David,inbar_ben-david@gmail.com,052-3004745,1961-04-03,1985-11-14
282648716,Gefen,Assouline,gefen66assouline@gmail.com,054-1353877,1966-04-11,2012-03-24
366964872,Guy,Ben-Shitrit,guy_ben-shitrit@jct.ac.il,059-5661026,1976-01-18,2001-09-20
392214409,Abigail,Zohar,abigail75zohar@gmail.com,054-6188801,1975-02-05,2015-01-02
201885886,Jonathan,Mizrahi,jonathan_mizrahi@jct.ac.il,052-3965662,1983-06-16,2006-05-12
287955504,Niv,Ben-Ari,niv_ben-ari93@gmail.com,050-1378839,1993-04-18,2021-01-02
303663751,Adi,Cohen,adi60cohen@gmail.com,056-6768434,1960-10-01,1993-01-31
250544251,Ido,Danon,ido_danon92@jct.ac.il,050-1035879,1992-05-18,2020-12-13
319608246,Ron,Zeltser,ron_zeltser81@gmail.com,054-8895835,1981-12-20,2017-05-08
256625955,Michael,Berkowitz,michael62berkowitz@gmail.com,052-0896676,1962-04-14,1989-11-10
250985413,Jonathan,Ben-Ari,jonathan78ben-ari@jct.ac.il,056-1146637,1978-04-12,2024-08-24
250628864,Tamar,Saban,tamar_saban86@jct.ac.il,055-8801136,1986-05-01,2018-06-29
284201662,Almog,Berkowitz,almog_berkowitz97@gmail.com,052-9913074,1997-09-02,2022-03-11
368812814,Ido,Kramer,ido_kramer71@gmail.com,056-9067608,1971-01-28,2005-02-02
278304159,Shahar,Shamir,shahar83shamir@gmail.com,054-4404184,1983-02-16,2006-12-01
283510501,David,Dayan,david74dayan@jct.ac.il,054-4674242,1974-09-02,2011-04-03
313570137,Tamar,Fisher,tamar59fisher@jct.ac.il,051-4513194,1959-12-01,2015-03-07
329554125,Abigail,Gross,abigail01gross@jct.ac.il,053-6542052,2001-08-10,2021-07-08
327972550,Ido,Dayan,ido77dayan@gmail.com,050-6330004,1977-06-14,2013-12-05
297170813,Bar,Rafael,bar_rafael@jct.ac.il,055-8553783,1978-10-10,2007-11-12
360801609,Shaked,Gross,shaked84gross@jct.ac.il,057-5653861,1984-07-07,2011-10-01
324260777,Gal,Almog,gal90almog@gmail.com,054-7814503,1990-09-06,2010-05-18
301317277,Yoav,Shaked,yoav68shaked@gmail.com,054-3304750,1968-07-08,1999-06-23
328470141,Tal,Ben-David,tal_ben-david@jct.ac.il,052-7566921,1960-08-07,1995-05-29
206257180,Dean,Ben-Ari,dean_ben-ari91@gmail.com,059-0532343,1991-10-11,2018-09-17
298319781,Liam,Cohen,liam97cohen@gmail.com,053-2917351,1997-06-09,2020-09-05
272561044,Oren,Dagan,oren_dagan@jct.ac.il,057-4737281,1982-06-08,2021-03-19
328778634,Yael,Sabag,yael_sabag@jct.ac.il,054-7010486,2002-05-26,2024-01-26
229568209,Liam,Menash,liam_menash01@jct.ac.il,053-3974047,2001-07-08,2022-03-08
376831376,Yuval,Baruch,yuval_baruch@gmail.com,051-6696895,1971-01-25,2000-09-02
352080659,Adam,Shaked,adam88shaked@gmail.com,056-5952776,1988-10-09,2021-06-08
386152789,Liam,Biton,liam_biton88@jct.ac.il,059-5837467,1988-10-11,2015-05-31
221393697,Daniel,Malul,daniel_malul84@jct.ac.il,051-4306252,1984-05-10,2009-07-04
334800141,Dana,Rosen,dana95rosen@jct.ac.il,053-4217576,1995-06-23,2018-03-04
368864328,Rotem,Stern,rotem_stern@gmail.com,052-7781562,1978-08-03,2020-01-18
246512818,Niv,Dagan,niv_dagan81@gmail.com,050-6281892,1981-02-16,2006-10-26
381073709,Almog,Shaked,almog_shaked@jct.ac.il,058-2820799,1968-05-05,2024-04-19
231245507,Ori,Elias,ori_elias65@jct.ac.il,054-9858567,1965-04-26,1989-04-05
204469027,Gabriel,Malul,gabriel98malul@gmail.com,057-0272366,1998-06-25,2021-10-21
390969129,Roni,Kahana,roni_kahana66@jct.ac.il,058-2170425,1966-01-10,2003-12-07
256528688,Amit,Tayeb,amit_tayeb@gmail.com,053-3197978,1969-02-16,1998-05-26
213790827,Inbar,Eliakim,inbar_eliakim@gmail.com,055-0615670,1977-08-09,2011-07-29
279782528,Raz,Assouline,raz_assouline@gmail.com,054-7979852,1983-06-03,2013-02-28
363419417,Dana,Sabag,dana_sabag79@gmail.com,056-2316749,1979-05-26,2024-08-29
256757899,Shira,Kahana,shira94kahana@gmail.com,052-6777248,1994-10-06,2019-03-19
316346196,Carmel,Peretz,carmel64peretz@jct.ac.il,050-5539866,1964-10-14,2024-03-26
304975725,Adi,Fisher,adi_fisher79@jct.ac.il,058-2304741,1979-07-31,2011-06-20
312620313,Tomer,Mizrahi,tomer_mizrahi75@jct.ac.il,059-6752366,1975-08-14,2010-09-10
269026035,Abigail,Finkelstein,abigail_finkelstein01@jct.ac.il,053-1904007,2001-12-15,2022-02-09
359518008,Itay,Malul,itay65malul@jct.ac.il,052-7690946,1965-09-27,2016-06-13
254629025,Adi,Ben-Ari,adi_ben-ari@jct.ac.il,057-2751879,1966-11-14,2004-01-29
219475845,Sarit,Almog,sarit90almog@jct.ac.il,054-9040310,1990-10-28,2020-09-03
275888410,Liam,Solomon,liam_solomon@gmail.com,052-2228545,1959-11-23,1982-07-18
287850242,Shahar,Shamir,shahar_shamir@jct.ac.il,053-5902521,1985-10-27,2016-06-17
289167405,Inbar,Zohar,inbar_zohar01@gmail.com,055-1743070,2001-02-02,2024-09-14
334240645,Noam,Herzog,noam74herzog@jct.ac.il,051-4974832,1974-11-30,2010-10-12
224242560,Shaked,Shamir,shaked_shamir71@gmail.com,052-8263324,1971-04-13,1998-01-28
340115104,Abigail,Friedman,abigail69friedman@jct.ac.il,058-1884012,1969-12-15,2008-06-06
229775739,Ido,Bachar,ido_bachar@jct.ac.il,050-8438734,1976-06-15,2020-08-23
387341787,Gabriel,Shamir,gabriel_shamir76@jct.ac.il,059-8879757,1976-03-08,2000-05-30
308370048,Adi,Shaked,adi62shaked@gmail.com,054-3855521,1962-10-07,1988-11-26
320635840,Hila,Ashkenazi,hila74ashkenazi@jct.ac.il,051-8652624,1974-08-27,2023-09-26
282902311,Niv,Cohen,niv85cohen@jct.ac.il,059-5186785,1985-09-10,2009-11-16
323508291,Gal,Kahana,gal_kahana02@gmail.com,053-6303441,2002-07-09,2022-05-12
374876282,Liam,Shamir,liam86shamir@gmail.com,058-5527423,1986-07-24,2019-03-06
354443129,Mor,Gross,mor85gross@jct.ac.il,058-2445833,1985-11-06,2006-03-11
314024977,David,Saban,david59saban@jct.ac.il,056-8520092,1959-04-21,2009-09-01
220550354,Adi,Kramer,adi_kramer@jct.ac.il,051-8613485,1970-07-23,2009-01-15
336757406,Dana,Ben-David,dana_ben-david87@jct.ac.il,053-8477537,1987-05-09,2014-12-27
248515306,Abigail,Ben-Shitrit,abigail_ben-shitrit91@gmail.com,058-0228338,1991-01-26,2024-11-21
298610999,Ron,Finkelstein,ron84finkelstein@gmail.com,053-0077241,1984-04-06,2020-01-06
202510681,Hila,Bachar,hila_bachar@jct.ac.il,056-5724750,1995-11-15,2023-08-13
358617868,Raz,Berkowitz,raz_berkowitz84@gmail.com,056-9246561,1984-10-10,2023-09-17
275573327,Ori,Eliakim,ori99eliakim@gmail.com,057-9939765,1999-01-23,2019-07-07
200229912,Eli,Shaked,eli_shaked77@jct.ac.il,059-2961832,1977-06-21,2013-11-13
288738578,Dana,Rafael,dana_rafael@jct.ac.il,059-9666625,1989-10-25,2012-12-21
366132926,Ido,Saban,ido_saban@jct.ac.il,058-3961878,1963-12-23,1991-02-03
224880237,Alon,Gross,alon_gross64@gmail.com,053-0813265,1964-11-17,1999-10-14
309373843,Gabriel,Menahem,gabriel_menahem92@jct.ac.il,051-0581481,1992-03-26,2024-03-03
332284330,Shira,Berkowitz,shira64berkowitz@gmail.com,058-9031515,1964-03-29,2003-02-18
318314655,Raz,Eliakim,raz_eliakim@gmail.com,053-4962272,2003-01-13,2024-02-05
335700035,Adi,Tayeb,adi72tayeb@jct.ac.il,058-7459996,1972-08-14,2024-01-13
330470618,Jonathan,Almog,jonathan_almog@jct.ac.il,056-8179053,1993-04-12,2023-10-10
293532545,Guy,Menash,guy_menash99@jct.ac.il,050-6678065,1999-02-03,2022-01-30
296485899,Ori,Revivo,ori_revivo@jct.ac.il,059-0869039,1970-06-06,1996-01-30
256588641,Sarit,Ziv,sarit_ziv@jct.ac.il,053-9463221,1986-06-25,2020-04-11
208340844,Ofir,Elias,ofir68elias@gmail.com,059-8879833,1968-07-28,2014-12-03
339630600,Eli,Shamir,eli_shamir@jct.ac.il,055-0818519,1984-02-01,2009-08-01
383226560,Hila,Sabag,hila90sabag@gmail.com,051-9198282,1990-03-19,2016-05-17
365340843,Tomer,Peretz,tomer_peretz89@gmail.com,051-4993482,1989-01-02,2020-04-16
319475554,Dean,Malul,dean03malul@jct.ac.il,053-9613144,2003-03-16,2023-05-14
213140700,Ron,Rosen,ron74rosen@gmail.com,052-8483172,1974-09-15,2021-03-04
200660389,Mor,Elias,mor99elias@jct.ac.il,052-9018691,1999-04-08,2019-03-16
266543669,Asaf,Avitan,asaf_avitan@jct.ac.il,053-7674676,1984-02-10,2021-07-26
208071456,Abigail,Barak,abigail96barak@jct.ac.il,054-3230214,1996-01-13,2022-08-01
343899472,Adi,Cohen,adi_cohen@jct.ac.il,052-4645922,1961-08-25,1982-10-30
229656459,Yael,Baruch,yael_baruch@gmail.com,052-1173323,1997-10-23,2017-12-01
221401615,Bar,Barak,bar84barak@jct.ac.il,057-1133708,1984-04-26,2009-06-26
315209668,Ron,Cohen,ron96cohen@jct.ac.il,054-9883502,1996-10-26,2022-10-01
234523116,Dean,Mizrahi,dean_mizrahi75@gmail.com,059-1004011,1975-02-10,1996-08-06
256129297,Ido,Friedman,ido_friedman60@gmail.com,059-4007980,1960-05-31,2020-10-02
208001834,Yael,Stern,yael94stern@jct.ac.il,051-8315980,1994-09-01,2014-03-20
340236173,Liam,Fisher,liam_fisher@gmail.com,055-6511979,1983-02-22,2016-10-28
296412695,Guy,Friedman,guy_friedman62@gmail.com,052-1708419,1962-07-11,2006-11-01
326924917,Yael,Ben-David,yael_ben-david@gmail.com,051-9590681,1997-12-04,2024-12-21
363982018,Guy,Shamir,guy_shamir65@gmail.com,058-7174541,1965-09-29,2022-11-13
306829821,Carmel,Menahem,carmel_menahem64@jct.ac.il,056-7951993,1964-04-14,2023-12-14
263834384,Gefen,Fisher,gefen99fisher@jct.ac.il,055-5430107,1999-11-23,2022-02-27
282034214,Adam,Cohen,adam83cohen@gmail.com,055-2973465,1983-06-14,2016-04-04
231522129,Shira,Kahana,shira_kahana@gmail.com,050-0792483,1961-11-16,1985-02-05
244258489,Ori,Solomon,ori60solomon@gmail.com,057-3818051,1960-07-26,1997-09-30
246392112,Noam,Neumann,noam_neumann74@gmail.com,056-5729775,1974-10-22,2015-09-08
269246864,Michael,Rosen,michael94rosen@gmail.com,055-7140351,1994-04-03,2018-10-24
380543645,Ofir,Rosen,ofir_rosen76@jct.ac.il,058-8480737,1976-07-28,2001-12-12
345879134,Liam,Eliakim,liam_eliakim91@gmail.com,056-3173199,1991-01-10,2018-01-06
239037328,Yael,Biton,yael_biton99@gmail.com,057-9676066,1999-05-09,2022-01-15
261844724,Jonathan,Rafael,jonathan_rafael88@jct.ac.il,055-3178754,1988-01-19,2015-10-14
210316964,Ido,Neumann,ido91neumann@jct.ac.il,050-3170528,1991-08-21,2011-02-22
395486673,Maya,Rosen,maya_rosen@gmail.com,058-2650725,1998-07-06,2019-03-16
239678220,Carmel,Avitan,carmel_avitan@gmail.com,059-4913080,1961-06-17,2000-07-02
256256355,Guy,Assouline,guy_assouline02@jct.ac.il,058-3273026,2002-10-15,2023-12-17
390073559,Adi,Bachar,adi_bachar@gmail.com,057-5249680,1994-08-27,2016-08-13
277864716,Ron,Ben-David,ron74ben-david@gmail.com,050-4259133,1974-06-26,2012-06-08
274503903,Maya,Herzog,maya_herzog@gmail.com,059-9559493,1990-01-02,2016-03-25
343659348,Mor,Zeltser,mor_zeltser@gmail.com,052-3121169,1983-04-08,2020-01-09
366900231,Sarit,Zohar,sarit_zohar86@gmail.com,056-3458984,1986-07-26,2023-06-22
212959720,Hila,Revivo,hila03revivo@jct.ac.il,059-8190655,2003-08-20,2023-03-29
253714257,Shira,Kahana,shira_kahana67@gmail.com,052-0291189,1967-02-26,2007-12-02
346312267,Yael,Kahana,yael_kahana02@gmail.com,052-0242567,2002-09-18,2024-05-22
224518241,Noa,Peretz,noa_peretz@gmail.com,051-9788599,1969-08-10,2016-10-13
363713934,Tal,Gross,tal_gross@jct.ac.il,053-6029348,1975-07-28,2011-05-10
381371756,Asaf,Shamir,asaf_shamir93@gmail.com,053-3438540,1993-01-26,2016-07-27
205505134,Yuval,Barak,yuval69barak@jct.ac.il,059-4030712,1969-08-31,1997-08-24
374362853,Mor,Mizrahi,mor82mizrahi@jct.ac.il,058-3580832,1982-04-14,2013-11-25
222138711,Gal,Avitan,gal_avitan71@jct.ac.il,059-7921465,1971-02-23,2003-08-30
273389718,Asaf,Barak,asaf85barak@jct.ac.il,058-5902800,1985-09-08,2007-09-12
390629145,Tamar,Koren,tamar_koren96@gmail.com,055-4700006,1996-07-04,2019-08-03
375013737,Roni,Sabag,roni_sabag88@jct.ac.il,055-3395248,1988-08-15,2024-05-12
276990058,Rotem,Sabag,rotem_sabag94@gmail.com,058-8169214,1994-11-03,2020-10-14
211950654,Dana,Assouline,dana72assouline@jct.ac.il,051-7361772,1972-01-30,2015-09-20
227721123,Roni,Shamir,roni01shamir@jct.ac.il,055-5119420,2001-11-04,2024-07-04
332859123,Asaf,Bachar,asaf_bachar@gmail.com,058-3844523,1982-10-04,2003-05-12
390595718,Maya,Eliakim,maya_eliakim@gmail.com,057-5734170,1975-06-23,2024-05-15
376632691,Almog,Tzur,almog83tzur@jct.ac.il,056-7344217,1983-01-11,2015-04-04
246297550,Ori,Rosen,ori83rosen@jct.ac.il,053-9697390,1983-02-15,2008-03-21
362917106,Alon,Barak,alon_barak97@jct.ac.il,056-7726114,1997-07-13,2020-09-04
270164833,Adam,Rafael,adam_rafael65@gmail.com,055-5006018,1965-08-11,1991-07-31
356263731,Dean,Dayan,dean91dayan@gmail.com,053-8658643,1991-12-05,2015-04-12
280739152,Dana,Finkelstein,dana_finkelstein82@jct.ac.il,053-0040462,1982-02-15,2002-04-23
395176308,Yael,Rafael,yael_rafael@jct.ac.il,059-6050906,1993-06-03,2016-07-10
326423001,Jonathan,Friedman,jonathan_friedman82@gmail.com,050-0355022,1982-09-14,2011-05-22
335473138,Roni,Ashkenazi,roni_ashkenazi@jct.ac.il,053-2807017,1978-12-29,2008-11-25
342088705,Daniel,Menash,daniel_menash00@gmail.com,054-3359543,2000-02-01,2023-03-21
314052127,Hila,Berkowitz,hila_berkowitz73@gmail.com,055-8435837,1973-01-25,2013-04-16
236476230,Maya,Rafael,maya75rafael@jct.ac.il,058-3106021,1975-11-04,2006-02-04
231404294,Abigail,Eliakim,abigail_eliakim@jct.ac.il,059-2721327,1996-10-30,2021-05-27
380214148,Daniel,Avitan,daniel_avitan03@gmail.com,057-3809821,2003-12-08,2023-12-03
291563328,Adi,Menahem,adi75menahem@jct.ac.il,058-7877421,1975-10-09,1998-08-16
295603989,Tal,Bernstein,tal_bernstein@gmail.com,056-7148964,1968-11-11,1988-06-16
243247319,Niv,Solomon,niv_solomon63@gmail.com,055-5784198,1963-07-24,2011-05-26
259928216,Shira,Levi,shira_levi@jct.ac.il,054-2788110,1959-09-11,2019-05-03
215773110,Rotem,Barak,rotem_barak64@jct.ac.il,050-3250212,1964-10-05,1989-04-25
335112132,Ori,Saban,ori_saban90@jct.ac.il,059-2521400,1990-12-24,2018-05-21
296230212,Eli,Shamir,eli_shamir@gmail.com,059-0788524,1959-06-12,2003-12-12
202738597,Sarit,Katz,sarit_katz64@jct.ac.il,053-2087787,1964-08-21,2006-10-19
308086545,Bar,Herzog,bar87herzog@gmail.com,052-9991842,1987-11-15,2009-02-28
379899594,Eli,Biton,eli60biton@jct.ac.il,055-0661915,1960-08-17,2012-09-30
356226035,Sagi,Danon,sagi65danon@jct.ac.il,057-6214138,1965-05-11,2014-02-03
332147107,Adam,Finkelstein,adam64finkelstein@jct.ac.il,058-3469066,1964-10-17,1986-12-03
349278614,Rotem,Tzur,rotem96tzur@jct.ac.il,059-3553001,1996-03-10,2019-12-08
365874072,Dana,Tayeb,dana_tayeb@gmail.com,050-1989074,1985-02-24,2016-05-04
380845883,Dana,Almog,dana_almog89@jct.ac.il,055-7608064,1989-08-08,2024-02-25
304375306,Dean,Solomon,dean_solomon@gmail.com,059-2212023,1990-08-17,2013-08-25
265590430,Ori,Menahem,ori_menahem@gmail.com,051-2837326,1966-09-08,2013-02-17
343236287,Guy,Ben-Shitrit,guy_ben-shitrit76@gmail.com,054-2718057,1976-12-03,2000-08-26
213125727,Carmel,Menash,carmel75menash@jct.ac.il,050-0508183,1975-06-01,2012-06-04
311029961,Noam,Saban,noam79saban@gmail.com,053-0496559,1979-08-06,2018-09-14
237355508,Maya,Kramer,maya_kramer@jct.ac.il,051-9718893,1998-10-04,2023-04-30
265346940,Guy,Ben-Ari,guy66ben-ari@gmail.com,055-5244697,1966-02-21,2014-10-11
395044902,Almog,Zohar,almog_zohar@gmail.com,054-6007401,1993-03-03,2017-02-20
372500454,Hila,Zeltser,hila69zeltser@gmail.com,057-6529115,1969-10-10,2003-06-29
253139539,Inbar,Menahem,inbar_menahem96@gmail.com,052-5880254,1996-07-21,2020-08-11
