Librarian_id,Librarian_first_name,Librarian_last_name,Librarian_birth_date,Email,Phone,Hire_date
3200,Yoshi,Reckless,12-07-1982,yreckless0@intel.com,398-541-0182,21-07-2022
3201,Eleni,Martinello,27-04-2001,emartinello1@ezinearticles.com,739-392-5654,10-06-2021
3202,Janessa,Voice,21-05-1993,jvoice2@cam.ac.uk,170-733-9798,07-02-2022
3203,Jereme,Wardale,27-01-2002,jwardale3@theglobeandmail.com,939-859-2069,22-03-2023
3204,Burtie,Greed,24-11-1982,bgreed4@yolasite.com,828-559-7153,14-04-2022
3205,Koenraad,Carnihan,26-05-2003,kcarnihan5@dedecms.com,716-268-9733,01-10-2022
3206,Joanie,Brumen,08-03-1977,jbrumen6@ox.ac.uk,591-153-8661,04-07-2022
3207,Vincent,Colin,25-09-1995,vcolin7@illinois.edu,759-570-1190,01-01-2021
3208,Basia,Pedrozzi,03-10-1987,bpedrozzi8@canalblog.com,303-269-3994,22-04-2022
3209,Mario,Torra,11-09-1990,mtorra9@purevolume.com,909-638-2832,05-03-2021
3210,Darcey,Gadney,27-10-1983,dgadneya@chicagotribune.com,321-586-7758,28-06-2023
3211,Hall,Jaggers,15-04-1986,hjaggersb@ustream.tv,590-699-5672,19-11-2021
3212,Piotr,Goodie,15-06-1971,pgoodiec@imdb.com,745-937-4635,24-05-2023
3213,Donica,Haville,12-02-1976,dhavilled@icio.us,945-249-9073,04-09-2023
3214,Ettie,Glinde,16-02-1983,eglindee@themeforest.net,400-474-2023,18-04-2021
3215,Callean,Tarren,02-10-1969,ctarrenf@geocities.com,120-839-2560,04-11-2021
3216,Emelina,Kops,05-05-2001,ekopsg@simplemachines.org,883-462-5643,05-09-2021
3217,Harmonie,Bendig,13-12-1975,hbendigh@paginegialle.it,732-945-7255,24-09-2021
3218,Nobe,Heisler,23-09-1990,nheisleri@shareasale.com,584-114-9925,27-03-2021
3219,Kristian,Ezzy,19-10-1987,kezzyj@vistaprint.com,566-973-0907,07-01-2023
3220,Willi,Wharin,10-09-1989,wwharink@indiegogo.com,358-320-8295,31-12-2022
3221,Osgood,Camm,06-03-1982,ocamml@usda.gov,328-963-2022,11-07-2021
3222,Aundrea,Humpherson,29-06-1969,ahumphersonm@arizona.edu,521-718-8128,31-08-2022
3223,Carla,Banisch,31-01-1989,cbanischn@booking.com,205-570-4737,05-07-2023
3224,Ganny,McNeill,29-07-1992,gmcneillo@naver.com,555-496-0953,04-12-2021
3225,Evaleen,Sorensen,14-09-1975,esorensenp@usda.gov,477-806-5886,27-04-2023
3226,Sasha,Jane,10-03-1985,sjaneq@cafepress.com,784-114-2024,29-06-2021
3227,Kermie,Top,27-06-1963,ktopr@bandcamp.com,904-472-8657,02-07-2023
3228,Susanna,Lippo,26-02-1995,slippos@vistaprint.com,581-873-2804,13-02-2022
3229,Anatole,Sore,04-04-1964,asoret@weebly.com,153-438-4508,31-03-2021
3230,Avril,Ewens,19-11-1973,aewensu@icq.com,177-463-0144,24-08-2021
3231,Cheslie,Allsep,27-02-1984,callsepv@toplist.cz,981-456-0341,09-06-2023
3232,Fredrick,Kinahan,04-02-1986,fkinahanw@imageshack.us,608-774-3420,15-11-2021
3233,Kara-lynn,Cunnington,24-11-1995,kcunningtonx@gravatar.com,702-902-7241,26-07-2023
3234,Karim,Bulter,02-05-1973,kbultery@last.fm,491-225-5257,17-10-2023
3235,Ashlie,Lightbown,09-09-1987,alightbownz@businesswire.com,469-219-5414,22-07-2021
3236,Alika,Charlwood,13-02-1986,acharlwood10@alexa.com,653-728-4475,21-01-2021
3237,Ulberto,Frankel,28-10-1986,ufrankel11@sciencedirect.com,504-704-7282,24-06-2023
3238,Bernette,Hatz,03-02-1988,bhatz12@nyu.edu,179-383-1097,26-09-2021
3239,Frankie,Chaunce,17-12-1976,fchaunce13@cdc.gov,702-995-2610,31-05-2022
3240,Bentlee,Vaan,01-04-1962,bvaan14@cyberchimps.com,515-901-1022,22-05-2021
3241,Theodosia,Brigshaw,31-07-1962,tbrigshaw15@foxnews.com,653-829-9255,10-07-2021
3242,Editha,Boltwood,31-10-1999,eboltwood16@comcast.net,230-873-0826,09-08-2021
3243,Doria,Sawer,08-06-1984,dsawer17@alexa.com,293-404-1076,31-03-2023
3244,Leonid,Varga,24-01-1964,lvarga18@fastcompany.com,403-448-9561,13-03-2022
3245,Gerard,Works,04-09-2002,gworks19@bluehost.com,107-197-0957,21-01-2021
3246,Lannie,Inglesent,22-12-1992,linglesent1a@reverbnation.com,653-493-4273,15-06-2021
3247,Warden,Gosnoll,20-05-2000,wgosnoll1b@creativecommons.org,239-220-4852,31-01-2023
3248,Evonne,Porteous,27-08-1983,eporteous1c@zdnet.com,983-169-2527,31-03-2022
3249,Anselm,Minocchi,14-07-1982,aminocchi1d@php.net,465-583-7729,10-04-2022
3250,Carlynne,Galpen,08-11-1982,cgalpen1e@about.me,904-734-4686,26-08-2023
3251,Melita,Nisen,21-07-1998,mnisen1f@gravatar.com,931-939-9417,26-08-2022
3252,Adham,Behnecken,10-11-1961,abehnecken1g@webnode.com,759-413-4957,02-01-2022
3253,Barbi,Gregoratti,07-03-1980,bgregoratti1h@census.gov,529-921-3290,09-07-2022
3254,Helsa,Pimme,11-05-1985,hpimme1i@wiley.com,409-841-3635,23-09-2023
3255,Brunhilda,Dey,25-05-2002,bdey1j@surveymonkey.com,673-705-6103,11-06-2023
3256,Fanya,Oakly,29-06-1981,foakly1k@mashable.com,364-755-0821,08-08-2023
3257,Jakie,Boom,14-07-1968,jboom1l@psu.edu,634-276-6641,17-11-2023
3258,Isahella,Doniso,30-03-1971,idoniso1m@mozilla.com,182-338-6163,14-08-2021
3259,Roxana,Barlee,15-02-1990,rbarlee1n@networkadvertising.org,754-155-2897,16-04-2023
3260,Lucilia,Thickens,23-08-1985,lthickens1o@joomla.org,142-924-9179,30-09-2022
3261,Romy,Cordrey,11-11-1980,rcordrey1p@house.gov,333-286-5873,05-12-2021
3262,Kordula,Sturror,12-10-2003,ksturror1q@creativecommons.org,817-897-1021,19-10-2021
3263,Gayel,Bailey,11-02-1969,gbailey1r@blinklist.com,196-616-7073,25-07-2023
3264,Bo,Davidovics,01-06-1968,bdavidovics1s@imdb.com,297-133-5449,15-10-2023
3265,Stanleigh,Dewan,31-10-1996,sdewan1t@flavors.me,196-774-2583,02-01-2023
3266,Almire,Phizakarley,04-10-1979,aphizakarley1u@europa.eu,452-854-3774,20-12-2020
3267,Bridgette,Robke,27-10-1977,brobke1v@nsw.gov.au,186-639-6965,12-03-2023
3268,Cord,Martignon,05-01-1978,cmartignon1w@usa.gov,299-805-3679,17-05-2023
3269,Waylon,Gamble,01-09-1962,wgamble1x@joomla.org,941-434-9673,15-03-2021
3270,Toddie,Repp,01-12-1980,trepp1y@themeforest.net,790-415-2959,22-07-2023
3271,Sky,Henker,11-09-1961,shenker1z@utexas.edu,180-746-5245,02-09-2021
3272,Gaven,Soigne,14-03-1991,gsoigne20@webmd.com,580-695-2444,15-12-2021
3273,Shandra,Kubatsch,05-09-1992,skubatsch21@wsj.com,469-918-5424,26-04-2022
3274,Caryl,Hallybone,29-06-1993,challybone22@multiply.com,678-559-7485,29-05-2021
3275,Gustavo,De Bruin,05-10-1969,gdebruin23@clickbank.net,110-493-5610,28-02-2023
3276,Sashenka,Noen,11-11-1987,snoen24@example.com,747-851-0363,19-11-2023
3277,Cobby,Chilvers,03-02-1990,cchilvers25@usda.gov,947-890-5058,09-03-2022
3278,Merlina,Hatterslay,10-12-2000,mhatterslay26@acquirethisname.com,563-134-1892,19-11-2023
3279,Darcie,Walcot,05-12-1978,dwalcot27@answers.com,997-559-8123,27-05-2021
3280,Sheelagh,Scarsbrick,26-12-1969,sscarsbrick28@mozilla.com,708-924-3417,09-09-2023
3281,Andie,Job,28-12-1970,ajob29@webs.com,129-777-4766,27-04-2022
3282,Karlan,Collecott,06-10-1972,kcollecott2a@prlog.org,771-805-8791,22-04-2023
3283,Obidiah,Vickerman,18-12-1999,ovickerman2b@yellowbook.com,869-587-5216,04-06-2021
3284,Dacia,Phizackarley,24-04-1966,dphizackarley2c@shinystat.com,824-486-5601,22-03-2022
3285,Gordan,Holby,28-01-1980,gholby2d@wiley.com,202-468-5485,31-03-2021
3286,Lonni,Blaza,09-10-1991,lblaza2e@howstuffworks.com,509-134-6395,03-08-2022
3287,Janis,Erickssen,09-12-1990,jerickssen2f@amazon.de,476-469-7760,01-10-2022
3288,Misti,McGerraghty,27-08-1973,mmcgerraghty2g@gizmodo.com,152-855-9475,22-10-2021
3289,Fae,Redwin,14-11-1972,fredwin2h@plala.or.jp,995-863-4033,09-03-2023
3290,Goran,Lansdowne,15-11-1964,glansdowne2i@linkedin.com,121-768-3388,01-02-2021
3291,Fania,Mordin,01-12-1961,fmordin2j@boston.com,126-634-4011,20-07-2021
3292,Wilbur,Menpes,03-02-1979,wmenpes2k@icq.com,284-202-5645,24-11-2021
3293,Shay,April,21-02-1961,sapril2l@cpanel.net,722-647-9860,10-06-2022
3294,Jerad,Portwaine,17-06-1975,jportwaine2m@dyndns.org,365-238-9878,27-02-2022
3295,Hadrian,Ivashnikov,22-06-1967,hivashnikov2n@imdb.com,910-344-8231,11-03-2023
3296,Clarence,Burley,20-02-1982,cburley2o@joomla.org,981-159-9924,21-10-2023
3297,Tera,Janovsky,27-08-1972,tjanovsky2p@usda.gov,690-384-3429,17-06-2022
3298,Brady,McVity,19-11-1992,bmcvity2q@php.net,685-406-8335,17-03-2021
3299,Andrea,Legion,01-02-1964,alegion2r@reuters.com,374-561-6186,02-09-2022
3300,Ambur,Ianiello,25-10-1987,aianiello2s@yahoo.co.jp,994-684-3234,16-02-2023
3301,Gertrudis,Swanborrow,29-04-1967,gswanborrow2t@slideshare.net,924-923-0688,05-02-2023
3302,Conney,Ughi,19-06-1962,cughi2u@google.de,921-785-1850,01-10-2023
3303,Charil,Beathem,26-06-1985,cbeathem2v@nps.gov,320-320-4729,24-09-2023
3304,Charlean,Caslin,09-05-1997,ccaslin2w@discovery.com,127-808-4347,26-06-2021
3305,Jerome,Roller,30-11-1998,jroller2x@w3.org,580-136-5834,03-11-2021
3306,Ronny,Sopp,22-12-1990,rsopp2y@arizona.edu,456-849-9522,17-05-2023
3307,Guillermo,Scrymgeour,09-05-1966,gscrymgeour2z@histats.com,865-978-2667,26-04-2022
3308,Kin,Painswick,26-05-1979,kpainswick30@mapquest.com,251-621-6391,23-08-2021
3309,Inessa,Muirhead,04-07-2000,imuirhead31@alibaba.com,789-776-3923,26-08-2021
3310,Antonietta,Gazey,28-06-1968,agazey32@geocities.com,373-972-4239,02-07-2022
3311,Lindy,Lefever,06-09-1997,llefever33@sciencedaily.com,736-488-5238,21-01-2023
3312,Alikee,Seilmann,09-02-1969,aseilmann34@bloglovin.com,564-574-6754,26-01-2022
3313,Collen,Stileman,31-07-1986,cstileman35@unblog.fr,559-224-5185,11-11-2023
3314,Queenie,Pechacek,04-11-1991,qpechacek36@imdb.com,328-427-4136,24-06-2023
3315,Sullivan,Diament,11-02-2000,sdiament37@thetimes.co.uk,300-371-3349,03-12-2021
3316,Consuela,Oliveira,31-10-1995,coliveira38@archive.org,476-864-5388,05-08-2021
3317,Delilah,Gout,09-02-1988,dgout39@princeton.edu,394-939-5786,17-10-2022
3318,Artus,Sloyan,21-07-2002,asloyan3a@barnesandnoble.com,984-899-6563,29-03-2021
3319,Rolf,Kubecka,24-03-1994,rkubecka3b@dropbox.com,439-348-0937,04-09-2023
3320,Newton,Cohani,19-12-1998,ncohani3c@statcounter.com,871-868-1152,21-10-2021
3321,Humberto,Billie,21-03-1998,hbillie3d@cargocollective.com,277-359-0772,07-01-2023
3322,Paulie,Willmetts,17-07-1973,pwillmetts3e@bravesites.com,316-534-0151,18-04-2021
3323,Trumaine,Di Gregorio,04-06-1967,tdigregorio3f@cyberchimps.com,359-418-4797,31-05-2023
3324,Myrle,Danaher,13-12-1982,mdanaher3g@seesaa.net,808-838-5832,21-05-2023
3325,Stephie,Vasichev,27-09-1984,svasichev3h@dot.gov,301-914-2959,31-10-2021
3326,Christean,Godridge,27-02-1991,cgodridge3i@nydailynews.com,560-489-8174,18-10-2022
3327,Ambrosio,Zimek,25-09-1989,azimek3j@jalbum.net,117-830-0931,25-05-2022
3328,Amie,Chaudrelle,24-03-1961,achaudrelle3k@tinypic.com,384-159-7532,06-09-2022
3329,Anet,Girardengo,28-09-1993,agirardengo3l@howstuffworks.com,810-910-3154,28-09-2023
3330,Alfreda,Ong,15-06-1992,aong3m@wired.com,832-443-1221,22-11-2021
3331,Vergil,Dudliston,04-12-1998,vdudliston3n@uiuc.edu,241-979-9149,30-07-2021
3332,Fergus,Alps,02-08-1983,falps3o@utexas.edu,432-687-5894,08-08-2021
3333,Consuela,Danilchik,19-01-1968,cdanilchik3p@sciencedaily.com,905-937-6826,16-12-2020
3334,Sadye,Kelling,11-12-1982,skelling3q@liveinternet.ru,233-183-5292,10-08-2023
3335,Ynes,Drains,21-12-1988,ydrains3r@cnet.com,480-125-1560,31-07-2023
3336,Debee,Bengough,17-04-1986,dbengough3s@berkeley.edu,295-944-1350,31-05-2023
3337,Ermanno,Sinson,10-12-1969,esinson3t@theguardian.com,438-333-4884,28-06-2021
3338,Diann,Kofax,02-03-1996,dkofax3u@cdc.gov,836-126-1924,30-04-2021
3339,Ali,Huncoot,14-11-1966,ahuncoot3v@furl.net,496-537-4560,13-09-2023
3340,Nels,Ruilton,12-11-1984,nruilton3w@msu.edu,151-559-6697,19-11-2023
3341,Nessy,Baldini,14-05-1999,nbaldini3x@yahoo.co.jp,289-900-2749,20-02-2022
3342,Gorden,Hache,24-12-1968,ghache3y@nymag.com,537-955-4919,21-07-2022
3343,Stepha,Galbreath,19-05-2001,sgalbreath3z@angelfire.com,560-745-4104,12-01-2023
3344,Harlan,Stenet,24-12-1990,hstenet40@shareasale.com,930-328-6997,22-10-2023
3345,Allsun,Cottey,24-12-1981,acottey41@oracle.com,713-236-2022,30-04-2021
3346,Brenda,Ever,14-03-2000,bever42@jugem.jp,250-749-2812,22-12-2021
3347,Talbert,Ledingham,02-02-1976,tledingham43@opensource.org,413-765-5810,16-02-2022
3348,Earle,Marvelley,16-11-1974,emarvelley44@myspace.com,499-120-7042,08-10-2022
3349,Vladamir,McAlinden,26-04-1969,vmcalinden45@about.com,347-425-8490,12-04-2021
3350,Chrisy,Gerrelt,20-09-1992,cgerrelt46@omniture.com,769-598-0542,24-07-2021
3351,Sonnie,Weiner,24-05-1971,sweiner47@wordpress.org,448-231-9686,07-05-2023
3352,Derby,Philcock,10-05-1997,dphilcock48@artisteer.com,845-337-9830,15-11-2023
3353,Amy,Muress,27-09-1984,amuress49@fotki.com,148-996-9347,06-01-2023
3354,Thom,Minchinton,20-09-1989,tminchinton4a@ebay.com,481-642-8920,10-11-2021
3355,Magdalena,Jobb,21-10-1999,mjobb4b@cisco.com,653-913-1940,21-09-2021
3356,Helga,Chattell,22-08-1973,hchattell4c@amazon.co.jp,959-367-9726,10-04-2022
3357,Aggy,Hutcheons,25-03-1999,ahutcheons4d@google.co.jp,337-613-4166,05-02-2021
3358,Herc,Spykings,08-01-2003,hspykings4e@cbsnews.com,423-961-1671,02-06-2023
3359,Jen,Spender,17-04-1997,jspender4f@ning.com,220-777-5632,14-08-2021
3360,Yasmin,Touzey,01-06-1984,ytouzey4g@yahoo.co.jp,870-333-6301,24-08-2021
3361,Ann,Monaghan,17-01-1996,amonaghan4h@scribd.com,244-900-3353,22-03-2023
3362,Petronilla,Panchin,20-06-1973,ppanchin4i@independent.co.uk,737-526-4100,02-04-2023
3363,Cordelia,Hattoe,03-06-1980,chattoe4j@chronoengine.com,812-509-8615,02-03-2023
3364,Karissa,Dyer,12-08-1978,kdyer4k@smh.com.au,551-960-6984,14-08-2022
3365,Davie,Wyvill,31-03-1972,dwyvill4l@ed.gov,849-726-6919,23-10-2021
3366,Loraine,Badland,03-07-1967,lbadland4m@patch.com,561-719-5527,06-07-2021
3367,Orson,Elcox,19-05-1984,oelcox4n@cafepress.com,150-167-9825,04-04-2023
3368,Leopold,Vynoll,14-11-1981,lvynoll4o@youtube.com,478-663-7364,29-12-2021
3369,Hobey,Washbrook,01-10-1982,hwashbrook4p@gov.uk,270-377-2510,06-11-2023
3370,Chiquita,Dumblton,20-01-1967,cdumblton4q@mozilla.com,177-405-3462,12-02-2022
3371,Alejandro,Jodlkowski,04-12-2000,ajodlkowski4r@google.pl,158-155-8752,01-12-2020
3372,Bobbye,Gollop,17-06-1979,bgollop4s@harvard.edu,401-391-1658,30-06-2022
3373,Guthry,Toombes,05-02-1975,gtoombes4t@mysql.com,765-619-1816,17-11-2022
3374,Meriel,Durdle,05-10-1978,mdurdle4u@jugem.jp,523-202-4429,05-12-2021
3375,Freddi,Panichelli,25-04-1992,fpanichelli4v@example.com,373-894-8113,20-11-2021
3376,Imojean,Duce,27-07-1988,iduce4w@amazon.de,355-261-9580,10-05-2021
3377,Rafferty,Habbijam,04-05-1998,rhabbijam4x@mashable.com,509-766-8036,23-01-2021
3378,Fiorenze,Severwright,08-02-1967,fseverwright4y@auda.org.au,843-203-7414,20-12-2020
3379,Gwendolen,Pandey,21-09-1979,gpandey4z@nature.com,148-347-2697,04-03-2023
3380,Gretta,Audenis,18-03-2003,gaudenis50@virginia.edu,637-676-5356,18-10-2023
3381,Lincoln,Nabbs,11-06-1978,lnabbs51@tripod.com,392-462-8853,09-06-2021
3382,Esra,Goodsell,04-06-1988,egoodsell52@hibu.com,746-574-3610,26-01-2021
3383,Clayson,Sunnex,17-03-1977,csunnex53@goo.ne.jp,773-673-6896,16-02-2022
3384,Lenard,Kelby,29-07-1969,lkelby54@reference.com,446-605-3684,07-06-2022
3385,Keri,Bezley,15-06-1997,kbezley55@canalblog.com,415-922-2952,29-08-2023
3386,Jaquelin,Dikle,03-03-1999,jdikle56@tinyurl.com,373-335-9634,04-09-2022
3387,Bettine,Lestrange,14-05-1971,blestrange57@bravesites.com,632-241-0619,02-06-2021
3388,Parker,Millier,30-09-2002,pmillier58@dyndns.org,405-882-4962,26-11-2022
3389,Gar,Jagoe,14-05-1987,gjagoe59@harvard.edu,441-146-8764,01-11-2022
3390,Pernell,Alvaro,02-07-1987,palvaro5a@dropbox.com,248-306-1706,24-05-2022
3391,Dennie,Geare,18-06-1970,dgeare5b@arstechnica.com,365-191-9140,25-07-2022
3392,Clo,Woakes,26-09-1991,cwoakes5c@ow.ly,535-156-6762,14-01-2023
3393,Desmund,Kauscher,18-03-1987,dkauscher5d@amazon.co.jp,942-386-4836,18-12-2022
3394,Gerard,Willmott,05-01-1991,gwillmott5e@histats.com,920-313-3766,02-02-2022
3395,Claybourne,Greber,13-10-1995,cgreber5f@hao123.com,746-636-2871,12-04-2021
3396,Neill,Comsty,12-07-1966,ncomsty5g@symantec.com,975-917-0267,01-07-2022
3397,Elsinore,Dimsdale,04-09-1983,edimsdale5h@google.pl,703-328-3222,10-08-2022
3398,Reggi,Bridgen,06-08-1961,rbridgen5i@indiatimes.com,318-435-2311,15-03-2023
3399,Coralie,Gilardoni,07-05-2003,cgilardoni5j@oakley.com,456-490-1437,19-09-2022
3400,Freddie,Langland,04-02-1997,flangland5k@webeden.co.uk,139-183-3150,22-01-2023
3401,Linn,Alyonov,21-11-1985,lalyonov5l@msu.edu,670-582-2784,11-01-2021
3402,Ancell,Jacop,02-08-1984,ajacop5m@wsj.com,924-823-7518,20-07-2021
3403,Marlin,Van Driel,10-12-2001,mvandriel5n@chronoengine.com,638-365-3004,02-05-2021
3404,Saleem,Leeder,13-03-2000,sleeder5o@cbslocal.com,583-780-6056,05-01-2023
3405,Julie,Wheatland,17-06-1980,jwheatland5p@bandcamp.com,303-295-4206,02-02-2021
3406,Othella,Rothermel,16-02-1996,orothermel5q@toplist.cz,454-248-6199,13-01-2023
3407,Terza,Giaomozzo,07-05-1970,tgiaomozzo5r@europa.eu,649-897-5555,11-12-2021
3408,Phip,Ferrino,10-03-1991,pferrino5s@google.cn,500-403-0403,19-04-2023
3409,Leanora,Baker,20-07-1966,lbaker5t@github.com,436-930-0087,10-03-2022
3410,Gayla,Renn,04-06-1973,grenn5u@washington.edu,821-867-6383,18-03-2022
3411,Margarita,Feitosa,07-03-1986,mfeitosa5v@sohu.com,426-647-4842,25-06-2022
3412,Rubetta,Elijah,14-12-1980,relijah5w@japanpost.jp,308-875-8298,07-02-2021
3413,Bill,Ughi,28-05-1986,bughi5x@biblegateway.com,379-710-8885,23-04-2022
3414,Tana,Wenn,04-05-1994,twenn5y@jimdo.com,798-925-5193,07-10-2021
3415,Ernest,Ormistone,17-11-1971,eormistone5z@admin.ch,641-696-9298,06-09-2023
3416,Brandea,Aucoate,29-11-2000,baucoate60@github.com,409-657-6735,03-02-2022
3417,Kristos,Hatton,10-10-1981,khatton61@alibaba.com,424-435-1570,04-07-2022
3418,Caitrin,Gage,14-11-1978,cgage62@studiopress.com,236-345-7719,14-03-2023
3419,Elga,Faustin,22-04-1962,efaustin63@alexa.com,643-100-0514,25-12-2022
3420,Malory,Freemantle,16-02-1976,mfreemantle64@mashable.com,732-938-3169,18-04-2023
3421,Marina,Brauninger,05-09-1997,mbrauninger65@fastcompany.com,321-419-4423,07-09-2023
3422,Carroll,Degnen,17-12-1982,cdegnen66@cyberchimps.com,304-627-3595,16-12-2021
3423,Granny,Kleisle,02-12-1986,gkleisle67@omniture.com,596-361-6281,28-04-2022
3424,Gael,Goodie,26-04-1968,ggoodie68@acquirethisname.com,936-235-1049,28-07-2022
3425,Moria,Ghiriardelli,01-09-1992,mghiriardelli69@alexa.com,553-634-8540,02-02-2022
3426,Waneta,Harcourt,23-09-1961,wharcourt6a@trellian.com,975-737-4462,14-05-2023
3427,Hurlee,Tong,30-11-1970,htong6b@wired.com,610-282-4583,28-07-2023
3428,Zach,Jerromes,06-10-1967,zjerromes6c@yellowpages.com,613-946-8337,27-10-2022
3429,Kit,Sidgwick,17-08-1989,ksidgwick6d@blogger.com,548-920-1991,29-09-2021
3430,Bryn,Ximenez,06-10-1976,bximenez6e@blog.com,191-700-0712,05-04-2023
3431,Vilma,Joanaud,17-03-1997,vjoanaud6f@usgs.gov,741-732-1229,20-02-2022
3432,Paxon,Seres,14-08-1994,pseres6g@fc2.com,128-658-5941,11-02-2023
3433,Reeba,Fynes,31-01-1973,rfynes6h@guardian.co.uk,406-303-3794,12-01-2022
3434,Gabi,Chitter,21-11-1976,gchitter6i@aboutads.info,655-163-7833,27-05-2021
3435,Nap,Lorkings,04-08-2003,nlorkings6j@ucla.edu,154-551-4349,21-03-2021
3436,Neil,Beaford,19-11-1976,nbeaford6k@github.com,515-812-9613,06-07-2021
3437,Cleon,Stroban,12-05-1975,cstroban6l@typepad.com,267-579-5503,27-01-2021
3438,Andrus,Dore,15-02-1991,adore6m@multiply.com,144-521-0190,23-04-2023
3439,Rennie,Vasyukov,17-10-1965,rvasyukov6n@cyberchimps.com,905-640-7497,15-11-2022
3440,Jacqui,Hollyer,23-01-1998,jhollyer6o@upenn.edu,339-574-0215,30-06-2022
3441,Rollie,Lomb,18-10-1963,rlomb6p@blog.com,921-996-3489,09-08-2023
3442,Emmey,Jumonet,02-08-1979,ejumonet6q@alexa.com,197-867-4094,10-12-2022
3443,Desdemona,Dunsmuir,12-01-1976,ddunsmuir6r@google.pl,285-185-2996,29-05-2021
3444,Lissy,Ridhole,07-07-1975,lridhole6s@blogs.com,753-294-2117,11-05-2023
3445,Veronique,Sprull,08-11-1987,vsprull6t@timesonline.co.uk,693-351-6855,29-05-2023
3446,Tera,Hundall,04-09-2001,thundall6u@51.la,726-155-7344,08-05-2023
3447,Gasparo,Coulthard,25-10-1989,gcoulthard6v@yandex.ru,332-268-0681,30-09-2023
3448,Marthena,Blakeborough,08-12-1999,mblakeborough6w@ucsd.edu,967-444-0011,16-01-2023
3449,Darius,Blissitt,12-12-1994,dblissitt6x@rakuten.co.jp,271-994-1089,14-06-2023
3450,Maegan,Sainz,05-03-1970,msainz6y@twitter.com,961-402-0815,05-07-2021
3451,Rosalynd,Bader,03-06-1997,rbader6z@home.pl,531-774-4822,27-09-2021
3452,Worthy,Sudworth,22-04-1996,wsudworth70@loc.gov,183-265-4058,18-07-2022
3453,Bernarr,Georgi,05-07-2002,bgeorgi71@google.ru,560-778-1276,12-10-2022
3454,Claude,Whewell,26-10-1982,cwhewell72@icq.com,593-159-6776,07-01-2022
3455,Ransell,Daldry,15-04-1982,rdaldry73@so-net.ne.jp,421-712-7525,16-10-2023
3456,Devland,Airdrie,27-03-1966,dairdrie74@imageshack.us,793-595-8198,14-12-2022
3457,Lewie,Langford,11-05-1968,llangford75@reference.com,347-612-5295,06-05-2021
3458,Wallis,Marriott,05-11-1990,wmarriott76@newyorker.com,840-629-0267,20-11-2020
3459,Alyse,Robus,16-06-1972,arobus77@xinhuanet.com,430-570-5082,02-05-2022
3460,Say,Headly,04-06-2000,sheadly78@ovh.net,866-220-2389,14-04-2023
3461,Ronald,Sclater,25-08-1975,rsclater79@forbes.com,445-347-9180,22-11-2021
3462,Rebeka,Lowne,16-04-1972,rlowne7a@simplemachines.org,729-666-8041,07-08-2022
3463,James,Perrinchief,02-03-1981,jperrinchief7b@typepad.com,625-320-7001,10-02-2022
3464,Marcelia,Brabin,14-11-1995,mbrabin7c@altervista.org,798-580-3507,05-08-2021
3465,Marlow,Dowthwaite,28-08-1995,mdowthwaite7d@prlog.org,245-198-5049,20-02-2021
3466,Lawrence,Lockhurst,08-04-2000,llockhurst7e@stumbleupon.com,838-946-6580,05-05-2021
3467,Purcell,Leggott,11-01-1967,pleggott7f@answers.com,492-932-9080,16-06-2022
3468,Steven,Quick,08-02-1964,squick7g@nbcnews.com,397-216-7947,26-04-2021
3469,Stanislaw,Laddle,03-02-2002,sladdle7h@a8.net,620-686-2066,19-08-2021
3470,Suzette,Dring,22-11-1960,sdring7i@wikipedia.org,333-529-5826,06-01-2021
3471,Jewelle,Skirlin,27-11-1994,jskirlin7j@nbcnews.com,235-848-6606,30-04-2022
3472,Cynthia,Donegan,28-11-1960,cdonegan7k@blogs.com,468-729-9110,09-10-2023
3473,Rosanna,Lamberton,30-10-1962,rlamberton7l@dion.ne.jp,699-474-1041,01-04-2022
3474,Brittney,Lemmon,11-02-2000,blemmon7m@wordpress.org,346-751-5868,29-06-2021
3475,Lizbeth,Nelthropp,03-11-1982,lnelthropp7n@github.com,784-189-2530,12-08-2021
3476,Tracey,Geal,06-04-1987,tgeal7o@godaddy.com,511-175-6429,31-03-2023
3477,Issy,Handscomb,04-03-1969,ihandscomb7p@nytimes.com,519-242-6774,30-08-2021
3478,Rosabelle,Skelington,09-12-1960,rskelington7q@uol.com.br,647-328-6496,09-02-2023
3479,Shannen,M'Chirrie,03-05-1991,smchirrie7r@netvibes.com,875-509-8445,08-03-2022
3480,Stearn,Rao,30-10-1969,srao7s@newyorker.com,860-186-9181,15-11-2021
3481,Waylon,McGloin,04-10-1971,wmcgloin7t@google.nl,651-201-2986,01-02-2021
3482,Durant,Lambird,27-04-1975,dlambird7u@studiopress.com,587-465-9317,26-08-2023
3483,Linda,Ivanyushkin,07-04-1989,livanyushkin7v@1und1.de,158-998-2430,28-08-2023
3484,Celia,Skelhorne,05-10-1978,cskelhorne7w@npr.org,685-853-9715,04-01-2022
3485,Beck,Nieass,19-01-1993,bnieass7x@ebay.com,552-989-6976,09-10-2021
3486,Lilith,Serman,19-03-1972,lserman7y@thetimes.co.uk,756-255-7212,24-06-2023
3487,Haskell,Vigours,04-06-1978,hvigours7z@drupal.org,707-794-8924,25-08-2022
3488,Jena,Zelley,03-10-1961,jzelley80@bing.com,812-677-4250,10-06-2022
3489,Titus,Campe,10-02-1976,tcampe81@prnewswire.com,874-460-9535,08-01-2023
3490,Billie,Winning,30-11-1989,bwinning82@mashable.com,856-648-0061,26-10-2021
3491,Pepi,McJerrow,13-07-1995,pmcjerrow83@mapy.cz,414-480-4070,28-11-2020
3492,Alexine,Peto,05-05-1970,apeto84@amazon.co.jp,667-131-7427,03-06-2022
3493,Ginger,Franzen,25-10-1970,gfranzen85@vk.com,499-410-6980,26-11-2022
3494,Drucill,Throughton,27-07-1984,dthroughton86@about.com,295-597-6188,29-10-2023
3495,Charita,Moehle,05-08-1989,cmoehle87@pinterest.com,644-174-2576,07-02-2022
3496,Gertrude,Mobius,08-06-1972,gmobius88@reddit.com,690-723-8681,30-11-2021
3497,Analise,Christoffersen,25-09-1965,achristoffersen89@buzzfeed.com,924-685-9831,15-07-2022
3498,Carolan,Scothern,13-04-1969,cscothern8a@merriam-webster.com,422-706-3606,29-01-2022
3499,Cathie,Kasher,15-03-1988,ckasher8b@goodreads.com,426-521-6292,07-05-2021
3500,Beck,McCreery,03-07-1974,bmccreery8c@bizjournals.com,303-255-6731,01-12-2021
3501,Marice,Wightman,10-04-1976,mwightman8d@so-net.ne.jp,669-780-0671,31-05-2021
3502,Emalia,Antoniewski,23-06-1967,eantoniewski8e@admin.ch,922-561-4924,03-06-2022
3503,Carolee,Goodright,16-04-1977,cgoodright8f@weibo.com,388-839-9248,19-03-2023
3504,Gerhard,Cracie,26-01-1974,gcracie8g@4shared.com,629-233-5582,31-05-2022
3505,Burg,Farman,23-08-1982,bfarman8h@paypal.com,930-513-1347,06-08-2023
3506,Rancell,Blackall,09-07-1984,rblackall8i@upenn.edu,954-804-7308,23-10-2022
3507,Valerye,Ramsbottom,16-04-1987,vramsbottom8j@hc360.com,757-216-9445,09-03-2023
3508,Emmery,Kienlein,27-07-1987,ekienlein8k@google.nl,248-838-8321,30-05-2023
3509,Darwin,Allot,05-07-1962,dallot8l@netvibes.com,394-991-1879,20-01-2021
3510,Barnabas,Cowap,04-07-1988,bcowap8m@buzzfeed.com,213-788-1079,23-09-2021
3511,Boycie,Cracie,11-04-1973,bcracie8n@rambler.ru,495-794-2126,09-10-2023
3512,Cynthie,Dohmann,25-07-1988,cdohmann8o@slate.com,353-899-5854,14-11-2023
3513,Lillis,St Angel,27-01-2001,lstangel8p@github.io,709-449-0553,15-06-2023
3514,Sergeant,Beech,28-10-1990,sbeech8q@mysql.com,739-263-7027,31-01-2023
3515,George,Tape,06-10-1994,gtape8r@godaddy.com,913-879-9190,08-09-2021
3516,Julieta,Carlin,27-10-1971,jcarlin8s@toplist.cz,459-161-9598,15-08-2022
3517,Dorian,Coyish,21-07-1984,dcoyish8t@epa.gov,487-943-9752,26-02-2022
3518,Ingaberg,Chillcot,12-09-1961,ichillcot8u@vinaora.com,113-611-0269,15-08-2023
3519,Junia,Tire,01-08-1986,jtire8v@umich.edu,737-623-1608,17-01-2021
3520,Payton,O'Henery,27-02-1975,pohenery8w@unesco.org,865-562-3168,20-04-2022
3521,Zaria,Lester,13-09-1992,zlester8x@engadget.com,253-107-5164,04-01-2021
3522,Gasper,Shirley,30-05-1976,gshirley8y@redcross.org,366-256-2891,28-12-2020
3523,Urban,Scampion,31-03-1969,uscampion8z@ed.gov,483-427-5645,22-05-2021
3524,Darice,Goroni,17-09-2002,dgoroni90@unicef.org,153-562-2121,24-07-2021
3525,Abbi,Spiby,29-07-1974,aspiby91@yellowbook.com,591-265-2146,29-07-2023
3526,Erin,Klaassens,24-02-2001,eklaassens92@huffingtonpost.com,891-338-1615,08-05-2022
3527,Jess,Farrow,21-07-1991,jfarrow93@nps.gov,772-565-9868,03-01-2021
3528,Hanson,Denisovich,22-09-1976,hdenisovich94@irs.gov,180-250-6009,13-04-2023
3529,Verla,Ryam,24-03-1994,vryam95@kickstarter.com,445-281-4230,17-08-2021
3530,Meyer,Helmke,14-10-1990,mhelmke96@blogger.com,870-931-0112,02-08-2021
3531,Gilberta,Janaszkiewicz,24-11-1980,gjanaszkiewicz97@prweb.com,215-782-4670,09-04-2023
3532,Thomasin,Hoult,15-09-1997,thoult98@hatena.ne.jp,243-151-9455,25-12-2021
3533,Madge,O'Nions,05-05-1992,monions99@lycos.com,148-394-7449,21-08-2021
3534,Chaim,Di Frisco,07-07-1971,cdifrisco9a@senate.gov,164-556-4376,27-08-2022
3535,Friederike,Goodsall,07-01-1997,fgoodsall9b@comcast.net,749-726-5804,04-04-2022
3536,Elyse,Labin,14-07-1994,elabin9c@people.com.cn,887-516-0444,14-05-2021
3537,Norbie,Hirjak,25-05-1963,nhirjak9d@bloglovin.com,515-741-2100,04-03-2023
3538,Lorettalorna,Cadle,21-08-1963,lcadle9e@wiley.com,781-557-6285,21-10-2021
3539,Aura,McCaghan,11-12-1988,amccaghan9f@guardian.co.uk,625-410-8109,09-04-2022
3540,Channa,Gluyas,08-05-2003,cgluyas9g@issuu.com,425-165-3804,12-07-2021
3541,Ellis,Josefer,22-01-2000,ejosefer9h@soundcloud.com,298-843-3206,22-08-2022
3542,Danella,Orcott,28-11-1991,dorcott9i@aol.com,147-531-4213,04-12-2021
3543,Wilburt,Stockport,08-04-1993,wstockport9j@seattletimes.com,337-293-6839,11-01-2023
3544,Tod,Krugmann,04-08-1989,tkrugmann9k@cbslocal.com,627-387-0663,09-01-2021
3545,Tonnie,Russilll,30-03-1987,trussilll9l@va.gov,334-158-7540,05-08-2021
3546,Garrard,Breinlein,16-05-1992,gbreinlein9m@comcast.net,318-479-0384,06-08-2023
3547,Renie,Cairns,26-01-1990,rcairns9n@weibo.com,878-153-7457,15-10-2022
3548,Hadleigh,Pavelka,23-06-1990,hpavelka9o@zdnet.com,911-677-3991,19-01-2022
3549,Nat,Mabson,14-06-1987,nmabson9p@msu.edu,654-136-6645,30-08-2023
3550,Brittani,Simmens,31-01-1973,bsimmens9q@japanpost.jp,946-779-5840,12-06-2022
3551,Hamilton,Noakes,23-10-1994,hnoakes9r@constantcontact.com,929-878-9709,13-04-2023
3552,Reider,Scotchmor,01-01-1994,rscotchmor9s@zimbio.com,433-268-2597,01-02-2022
3553,Urbanus,Heavy,14-10-1974,uheavy9t@gravatar.com,467-230-1384,10-07-2022
3554,Vanna,Rudderham,18-10-1992,vrudderham9u@reddit.com,971-520-4628,23-08-2022
3555,Evyn,McKeever,30-08-1994,emckeever9v@blogger.com,169-657-7279,19-01-2023
3556,Colin,Booij,16-09-1999,cbooij9w@dion.ne.jp,255-406-0837,27-06-2023
3557,Gaby,Ida,19-03-2003,gida9x@vinaora.com,597-189-1683,03-07-2021
3558,Livvy,Hirsch,27-04-1989,lhirsch9y@list-manage.com,221-966-3346,28-11-2022
3559,Sonny,Stonary,20-04-1978,sstonary9z@hibu.com,163-383-2596,23-01-2023
3560,Ines,Loyndon,31-05-2002,iloyndona0@npr.org,492-541-0601,04-09-2022
3561,Nessie,Hunton,12-10-1966,nhuntona1@cnn.com,716-464-7174,17-11-2022
3562,Lane,Kalderon,11-10-2000,lkalderona2@harvard.edu,829-113-6726,06-11-2022
3563,Gabriello,Nys,07-09-1962,gnysa3@apache.org,608-639-2478,03-10-2023
3564,Cullin,Perren,10-12-1970,cperrena4@multiply.com,947-291-5963,22-04-2022
3565,Blondelle,Balston,09-07-1997,bbalstona5@nbcnews.com,384-809-6229,12-09-2021
3566,Keir,Lucey,14-09-1988,kluceya6@free.fr,284-798-9479,16-02-2022
3567,Donetta,Crone,30-06-1988,dcronea7@goodreads.com,574-437-0335,20-09-2021
3568,Buddy,Mathivon,13-02-1999,bmathivona8@devhub.com,966-165-5344,18-03-2022
3569,Karlene,Vernham,04-06-2000,kvernhama9@t.co,163-556-8105,12-10-2023
3570,Dorise,Penvarden,09-02-1992,dpenvardenaa@360.cn,902-561-8991,07-02-2021
3571,Hercules,Drache,21-06-1990,hdracheab@sbwire.com,681-158-2008,16-10-2022
3572,Chrotoem,Dicky,25-04-1992,cdickyac@cbsnews.com,511-186-3148,31-10-2021
3573,Glennie,Reglar,30-01-1977,greglarad@intel.com,566-605-7725,29-04-2021
3574,Gris,Stickel,21-11-1976,gstickelae@zdnet.com,107-871-8623,27-03-2021
3575,Gipsy,Minghetti,07-07-1963,gminghettiaf@prlog.org,708-998-1639,07-09-2022
3576,Garek,Buckberry,08-02-1987,gbuckberryag@simplemachines.org,549-367-5937,12-02-2021
3577,Alanah,Raggles,02-02-1999,aragglesah@themeforest.net,409-375-2463,14-05-2021
3578,Sephira,Applin,11-12-1998,sapplinai@google.pl,647-156-2593,01-03-2022
3579,Adelaide,O'Longain,19-06-1975,aolongainaj@ca.gov,495-525-3025,09-01-2022
3580,Dale,Pearse,02-03-1975,dpearseak@statcounter.com,668-639-8413,13-04-2021
3581,Adolphe,Roch,22-11-1972,arochal@dropbox.com,665-892-4236,16-01-2023
3582,Cyndie,Agiolfinger,13-03-1992,cagiolfingeram@tinyurl.com,498-753-8825,07-03-2022
3583,Benny,Whitman,16-08-1993,bwhitmanan@answers.com,903-553-5149,10-11-2022
3584,Max,Yerson,27-09-1987,myersonao@weebly.com,957-539-2869,30-06-2022
3585,Kaye,Jurisch,16-10-1986,kjurischap@wikipedia.org,110-506-8157,13-09-2022
3586,Zola,Teesdale,01-08-1988,zteesdaleaq@delicious.com,966-400-4798,22-04-2021
3587,May,Heads,21-08-1998,mheadsar@google.co.jp,344-985-3648,07-10-2023
3588,Falkner,Palfree,28-06-1971,fpalfreeas@unicef.org,522-649-2108,20-01-2022
3589,Felike,Banfield,26-01-1965,fbanfieldat@google.cn,734-959-8878,21-09-2022
3590,Alysa,Swigg,09-11-1985,aswiggau@statcounter.com,282-281-4292,29-07-2023
3591,Siobhan,Westhofer,05-01-1993,swesthoferav@dell.com,233-432-2414,08-09-2023
3592,Verine,Pask,12-09-1968,vpaskaw@qq.com,912-985-3916,29-12-2020
3593,Wallas,Semper,20-04-1996,wsemperax@utexas.edu,522-141-1634,05-03-2022
3594,Malva,Shawe,28-08-1976,mshaweay@tumblr.com,331-488-5779,05-02-2022
3595,Anders,Raywood,17-11-1990,araywoodaz@unesco.org,945-281-2653,21-09-2023
3596,Vera,Hatto,24-03-1970,vhattob0@netscape.com,193-830-4767,08-04-2022
3597,Townsend,Willbraham,11-10-1996,twillbrahamb1@ow.ly,994-155-3901,17-01-2021
3598,Dorisa,Larive,20-10-1971,dlariveb2@naver.com,251-494-5007,21-05-2023
3599,Clayton,Fishbourn,06-03-1994,cfishbournb3@nifty.com,141-320-2470,07-02-2022
