Student_id,Student_first_name,Student_last_name,Email,Phone,Birth_date,Degree
3600,Nesta,Busson,nbusson0@walmart.com,409-973-7919,06-01-1993,MSc in Data Science
3601,Sutherland,Medendorp,smedendorp1@paypal.com,266-697-8967,04-01-1993,BSc in Computer Science
3602,Jaymie,Farnham,jfarnham2@reuters.com,903-885-3362,16-12-1988,MSc in Artificial Intelligence
3603,Jonas,MacKomb,jmackomb3@state.tx.us,292-722-7196,26-06-1987,MSc in Software Engineering
3604,Tomi,Tointon,ttointon4@a8.net,598-274-7526,17-05-1981,BSc in Physics
3605,Truman,Gilhooley,tgilhooley5@vinaora.com,420-976-8500,05-04-1994,BSc in Computer Science
3606,Ardisj,Canelas,acanelas6@slashdot.org,802-439-1362,17-04-1981,BA in English Literature
3607,Heinrick,O'Docherty,hodocherty7@cnet.com,639-913-1188,30-06-1992,BSc in Mechanical Engineering
3608,Cyril,Fache,cfache8@gov.uk,383-768-3006,20-05-1990,MA in Visual Arts
3609,Rosaleen,Grewar,rgrewar9@woothemes.com,516-991-2950,06-07-1983,MSc in Environmental Engineering
3610,Riccardo,Le Ball,rleballa@odnoklassniki.ru,704-351-8410,28-04-1987,MSc in Environmental Engineering
3611,Page,Halfhyde,phalfhydeb@fema.gov,629-786-3909,28-02-1984,MA in Sociology
3612,Alexandra,Jurek,ajurekc@psu.edu,498-191-5780,24-08-1999,BA in Philosophy
3613,Broderick,Feast,bfeastd@wikimedia.org,411-393-0785,28-07-1982,MSc in Artificial Intelligence
3614,Hermione,Petlyura,hpetlyurae@sfgate.com,388-362-4020,30-05-1990,BA in English Literature
3615,Karim,Bricksey,kbrickseyf@canalblog.com,808-206-9751,06-03-1993,BSc in Computer Science
3616,Levon,Dennett,ldennettg@netvibes.com,630-499-4611,12-11-1990,BA in Philosophy
3617,Urban,McGuinley,umcguinleyh@fotki.com,532-768-0773,18-07-1985,MA in Visual Arts
3618,Bil,Attenborrow,battenborrowi@princeton.edu,674-249-4679,15-02-1997,MA in Public Policy
3619,Edna,Lias,eliasj@tripadvisor.com,340-127-7638,16-03-1987,MA in Psychology
3620,Arvie,Banfield,abanfieldk@rambler.ru,517-498-9231,28-05-1984,BSc in Environmental Science
3621,Marcelle,Hummerston,mhummerstonl@opensource.org,511-383-3390,11-07-1985,MA in Sociology
3622,Veradis,Kirkup,vkirkupm@nasa.gov,651-889-8115,04-09-1986,MSc in Software Engineering
3623,Anthea,Windas,awindasn@archive.org,156-758-9348,09-05-1990,MSc in Biochemistry
3624,Emogene,Peers,epeerso@seesaa.net,803-603-0793,05-09-1983,BSc in Biology
3625,Magdaia,Harrold,mharroldp@yahoo.com,577-219-4339,11-07-1983,MSc in Software Engineering
3626,Vivie,Haffenden,vhaffendenq@msn.com,424-805-5197,04-06-1999,MA in Psychology
3627,Dillie,Spacie,dspacier@nyu.edu,284-549-1048,08-09-1984,MA in Psychology
3628,Tomkin,Matley,tmatleys@oaic.gov.au,448-326-1358,28-06-1994,MSc in Environmental Engineering
3629,Albertine,Alban,aalbant@alibaba.com,366-623-5827,28-09-1981,MSc in Environmental Engineering
3630,Thatch,Grogan,tgroganu@myspace.com,710-546-2260,14-10-1995,BA in Psychology
3631,Kirsti,Dunguy,kdunguyv@discovery.com,377-120-6090,15-08-2000,BSc in Physics
3632,Teodoro,Elcum,telcumw@nytimes.com,747-609-6175,01-02-1992,MA in Visual Arts
3633,Rochella,Gaskins,rgaskinsx@scientificamerican.com,409-886-2075,26-05-1989,BA in Psychology
3634,Aldous,Waite,awaitey@etsy.com,846-369-4870,04-12-1995,MA in Public Policy
3635,Quinn,Errichiello,qerrichielloz@tuttocitta.it,171-691-4729,01-06-1988,MA in Public Policy
3636,Reidar,Argile,rargile10@ameblo.jp,277-564-1903,15-06-1995,BA in Fine Arts
3637,Lock,Frontczak,lfrontczak11@ow.ly,646-261-6435,19-02-1991,MA in Public Policy
3638,Vinni,Simpkins,vsimpkins12@amazon.co.jp,915-327-9381,19-10-1995,BA in English Literature
3639,Gregoor,Hover,ghover13@yellowbook.com,599-601-6168,19-05-1996,BSc in Mechanical Engineering
3640,Carline,Chantler,cchantler14@artisteer.com,156-190-8100,11-01-1985,MA in Public Policy
3641,Ferdinande,Gronno,fgronno15@trellian.com,738-645-2520,10-10-1981,MSc in Environmental Engineering
3642,Iolande,Durdan,idurdan16@who.int,299-302-2879,09-05-1982,BA in History
3643,Angelo,Kinnoch,akinnoch17@icq.com,653-684-1922,27-01-1984,BA in Psychology
3644,Saree,Ruf,sruf18@furl.net,303-858-0302,31-03-1999,BSc in Computer Science
3645,Jed,Leakner,jleakner19@bing.com,928-709-6596,07-06-1994,MA in Public Policy
3646,Innis,Drewry,idrewry1a@paginegialle.it,633-826-0169,15-11-1999,MA in English Literature
3647,Madel,Thornley,mthornley1b@independent.co.uk,130-825-8462,31-05-1981,MA in Visual Arts
3648,Manon,Bragge,mbragge1c@wsj.com,134-522-7513,30-09-1996,BA in English Literature
3649,Leonard,Kemet,lkemet1d@tinypic.com,501-225-0417,31-08-1988,MSc in Biochemistry
3650,Niko,Chieco,nchieco1e@google.ca,876-164-6420,13-03-1992,BA in Philosophy
3651,Bella,Atkyns,batkyns1f@examiner.com,189-988-1541,24-12-1982,BA in Psychology
3652,Merrili,Doward,mdoward1g@time.com,111-103-8630,12-09-1987,BA in Philosophy
3653,Rodolfo,Allbrook,rallbrook1h@washingtonpost.com,576-282-7198,07-09-1986,MA in Sociology
3654,Nicolas,Dossit,ndossit1i@fc2.com,252-191-1483,11-10-1995,BA in Psychology
3655,Josiah,Fishbourn,jfishbourn1j@weather.com,236-966-4848,07-08-1981,BSc in Physics
3656,Jamima,Scalera,jscalera1k@fastcompany.com,897-888-6918,26-11-1983,BA in History
3657,Tabitha,des Remedios,tdesremedios1l@histats.com,646-860-4239,20-06-1996,MSc in Biochemistry
3658,Kahaleel,Innwood,kinnwood1m@ovh.net,676-635-5779,03-11-1984,MSc in Data Science
3659,Standford,Yockley,syockley1n@bloomberg.com,362-787-3109,19-08-2000,MSc in Software Engineering
3660,Pacorro,Rogliero,progliero1o@springer.com,431-727-8226,04-07-1991,MA in Sociology
3661,Lotti,Halls,lhalls1p@abc.net.au,427-911-4937,08-03-1998,BA in Fine Arts
3662,Karola,Stallybrass,kstallybrass1q@admin.ch,235-443-4985,05-06-1989,BA in Psychology
3663,Pattin,Fey,pfey1r@slashdot.org,518-442-9299,03-04-1986,MA in Public Policy
3664,Cello,Buckett,cbuckett1s@msn.com,758-287-6523,01-05-1986,MA in Public Policy
3665,Conny,Schistl,cschistl1t@flickr.com,117-435-1472,13-05-1985,BA in Psychology
3666,Gav,Littlemore,glittlemore1u@apache.org,323-775-8715,26-11-1990,BA in History
3667,Mitzi,Borit,mborit1v@go.com,228-234-9455,28-06-1984,MSc in Artificial Intelligence
3668,Nathalie,Ganny,nganny1w@mapy.cz,127-126-4463,04-05-1984,MSc in Artificial Intelligence
3669,Ricki,O'Regan,roregan1x@tinypic.com,788-175-4157,06-12-1996,BA in Philosophy
3670,Danielle,Dimitresco,ddimitresco1y@liveinternet.ru,148-653-8960,29-08-1989,MSc in Artificial Intelligence
3671,Clarine,Bagott,cbagott1z@rediff.com,402-537-9149,14-10-1991,BSc in Biology
3672,Ashlen,Blabber,ablabber20@howstuffworks.com,709-249-7138,12-11-1989,BA in Philosophy
3673,Leonid,MacTerlagh,lmacterlagh21@wiley.com,808-649-8334,14-09-1995,MA in English Literature
3674,Manuel,Casarini,mcasarini22@illinois.edu,660-396-1788,21-04-1990,BA in Fine Arts
3675,Fawnia,Abercromby,fabercromby23@economist.com,100-870-8396,27-01-1982,MSc in Artificial Intelligence
3676,Linnell,Abatelli,labatelli24@bbb.org,889-720-7758,02-08-1983,BSc in Software Engineering
3677,Carline,Newbigging,cnewbigging25@noaa.gov,780-334-2132,23-03-1996,BA in English Literature
3678,Sandor,Reinbeck,sreinbeck26@tamu.edu,630-635-5099,18-12-1997,BA in History
3679,Arlyn,Swainsbury,aswainsbury27@etsy.com,972-561-7477,04-08-1989,MSc in Data Science
3680,Roselle,Skrine,rskrine28@huffingtonpost.com,967-450-5050,26-08-1985,BA in English Literature
3681,Yuma,Harrowsmith,yharrowsmith29@prnewswire.com,353-885-8303,10-05-1990,MA in Psychology
3682,Enid,Scarisbrick,escarisbrick2a@twitpic.com,137-287-2398,23-04-1995,MA in English Literature
3683,Saundra,Melbury,smelbury2b@a8.net,490-825-2449,29-10-1987,BA in Fine Arts
3684,Maurita,Wharin,mwharin2c@moonfruit.com,500-519-8448,08-12-1989,MA in Visual Arts
3685,Roselia,Coytes,rcoytes2d@aol.com,427-122-7737,03-04-1986,MSc in Physics
3686,Myrah,Sorton,msorton2e@slashdot.org,336-998-6519,28-07-1992,BSc in Computer Science
3687,Susie,Cutford,scutford2f@paypal.com,707-297-2869,02-06-1986,BSc in Biology
3688,Chelsae,Winkle,cwinkle2g@reddit.com,903-888-9548,07-10-1998,MSc in Biochemistry
3689,Josias,Philipeaux,jphilipeaux2h@wikipedia.org,932-414-9687,30-06-1993,BA in English Literature
3690,Duky,Hussy,dhussy2i@sohu.com,268-102-6138,10-12-1983,BA in Psychology
3691,Nap,Meeke,nmeeke2j@netscape.com,280-446-6858,21-11-1983,BSc in Environmental Science
3692,Livy,Rumin,lrumin2k@nytimes.com,974-600-0816,05-02-1992,MA in Psychology
3693,Trumaine,Hosburn,thosburn2l@diigo.com,515-868-5871,08-11-1984,MA in Public Policy
3694,Anatole,Plain,aplain2m@howstuffworks.com,693-537-7748,06-09-1994,MA in Visual Arts
3695,Bobbye,Jaquiss,bjaquiss2n@histats.com,106-770-7516,13-08-1985,MA in Public Policy
3696,Casper,Bussel,cbussel2o@blog.com,924-895-0981,08-07-2000,BA in Philosophy
3697,Brien,Ager,bager2p@go.com,358-309-3189,24-03-1984,BA in Fine Arts
3698,Leroi,Cluatt,lcluatt2q@furl.net,233-397-1016,22-12-1997,BSc in Computer Science
3699,Dorey,Oxterby,doxterby2r@discuz.net,864-490-1069,30-12-1997,MA in Psychology
3700,Kelcy,Feavyour,kfeavyour2s@stanford.edu,473-943-4760,17-09-1996,MSc in Software Engineering
3701,Romola,Giaomozzo,rgiaomozzo2t@scientificamerican.com,166-866-0942,12-05-1991,MSc in Data Science
3702,Nikkie,MacPharlain,nmacpharlain2u@bravesites.com,525-141-2195,19-09-2000,BSc in Environmental Science
3703,Brodie,Cometson,bcometson2v@nbcnews.com,915-222-6984,11-01-1990,BSc in Physics
3704,Alexandra,Eisikovitsh,aeisikovitsh2w@163.com,208-811-0457,07-04-2000,MSc in Software Engineering
3705,Janene,Farloe,jfarloe2x@geocities.com,144-782-1495,09-01-1996,BSc in Software Engineering
3706,Lauryn,Standley,lstandley2y@joomla.org,309-543-5728,09-12-1999,BA in Psychology
3707,Perry,Krol,pkrol2z@last.fm,284-235-0900,19-06-1996,BA in History
3708,Tye,Entwhistle,tentwhistle30@booking.com,364-986-2613,16-11-1986,BSc in Biology
3709,Graig,Cranmore,gcranmore31@bloglines.com,692-998-7343,19-11-1998,MSc in Biochemistry
3710,Cassius,Slowley,cslowley32@cargocollective.com,574-330-2026,30-09-1998,BSc in Software Engineering
3711,Hiram,McKaile,hmckaile33@whitehouse.gov,348-262-9948,29-03-1987,MA in Public Policy
3712,Fleming,Cappineer,fcappineer34@t-online.de,235-511-1348,22-12-1983,MA in English Literature
3713,Georg,Belderson,gbelderson35@google.nl,846-350-5906,04-11-1999,BSc in Environmental Science
3714,Ynes,Bellam,ybellam36@army.mil,212-136-1992,17-09-1994,BSc in Computer Science
3715,Rickert,Legen,rlegen37@merriam-webster.com,314-794-6498,12-09-1994,BA in Psychology
3716,Reginald,Barnby,rbarnby38@unc.edu,220-917-1844,13-08-1995,BSc in Software Engineering
3717,Gwenora,Whittingham,gwhittingham39@issuu.com,724-731-2124,17-03-1987,BA in Psychology
3718,Larina,Bednall,lbednall3a@ezinearticles.com,591-559-6706,02-11-1999,MA in Public Policy
3719,Lila,Cops,lcops3b@mapy.cz,910-826-7513,17-07-1983,BA in English Literature
3720,Griffin,Jennions,gjennions3c@ihg.com,914-702-7529,06-07-1988,MSc in Environmental Engineering
3721,Zachariah,Wildgoose,zwildgoose3d@hibu.com,961-630-2620,28-01-1984,MA in Visual Arts
3722,Yevette,Grice,ygrice3e@cbsnews.com,922-913-0548,22-01-1982,BSc in Software Engineering
3723,Dianemarie,Girardengo,dgirardengo3f@sciencedirect.com,756-403-0605,27-04-2000,MA in Psychology
3724,Konstantin,Heal,kheal3g@omniture.com,125-166-4951,29-06-1982,BA in English Literature
3725,Patty,Harkess,pharkess3h@spotify.com,510-983-0740,05-03-1981,BA in Philosophy
3726,Gavra,Bottleson,gbottleson3i@freewebs.com,790-489-4154,24-11-1995,BSc in Physics
3727,Lurleen,Yakob,lyakob3j@buzzfeed.com,449-642-5686,03-05-1982,BA in English Literature
3728,Laurella,Kaysor,lkaysor3k@intel.com,377-292-8153,25-07-1984,BSc in Software Engineering
3729,Linzy,Mozzi,lmozzi3l@bravesites.com,499-707-9876,24-02-2000,MSc in Data Science
3730,Denis,Kennerley,dkennerley3m@salon.com,610-135-2282,04-04-1984,BA in Fine Arts
3731,Jocelin,McKimmey,jmckimmey3n@microsoft.com,859-867-8550,30-03-1994,MA in Visual Arts
3732,Ardine,Maunders,amaunders3o@cbsnews.com,156-159-6367,06-05-1994,MSc in Physics
3733,Lionel,Austin,laustin3p@drupal.org,981-197-5916,21-09-2000,MA in Public Policy
3734,Garreth,Gerren,ggerren3q@cnn.com,167-422-3876,01-09-1991,MA in Psychology
3735,Aridatha,Matelyunas,amatelyunas3r@wikia.com,576-683-2180,11-05-1986,BSc in Computer Science
3736,Falito,O' Loughran,foloughran3s@oakley.com,537-343-1320,09-11-1995,MA in Public Policy
3737,Florida,Amott,famott3t@prweb.com,899-412-1870,31-01-1983,BSc in Physics
3738,Doria,Sabben,dsabben3u@aboutads.info,144-345-3569,15-02-1982,MA in Sociology
3739,Erl,Uzzell,euzzell3v@furl.net,176-371-9166,30-07-2000,MSc in Physics
3740,Reagen,Lombard,rlombard3w@behance.net,660-352-1447,16-06-1989,BSc in Computer Science
3741,Nicole,Kislingbury,nkislingbury3x@apple.com,732-226-7151,21-01-1992,BA in Fine Arts
3742,Carlene,Hasselby,chasselby3y@instagram.com,860-440-0806,01-05-1995,MA in English Literature
3743,Hyacintha,Dyble,hdyble3z@miitbeian.gov.cn,614-164-5251,16-10-1983,BSc in Computer Science
3744,Trent,Trye,ttrye40@wisc.edu,701-988-4803,18-09-1997,BSc in Biology
3745,Regine,Hatchette,rhatchette41@com.com,258-783-2517,09-03-1997,BA in Fine Arts
3746,Ruthann,Kemmish,rkemmish42@skype.com,272-110-0239,02-07-1988,MA in Sociology
3747,Pascal,Theobald,ptheobald43@umich.edu,562-865-6497,08-03-1984,BA in Fine Arts
3748,Catie,Chalkly,cchalkly44@shareasale.com,515-101-8755,03-01-1999,MA in Sociology
3749,Rosemarie,Duthy,rduthy45@blinklist.com,151-473-2659,08-05-1985,MSc in Data Science
3750,Nickie,Keneforde,nkeneforde46@unesco.org,672-727-2090,22-10-1986,BA in English Literature
3751,Marielle,Okenden,mokenden47@meetup.com,843-665-7408,23-05-1985,BA in Psychology
3752,Tobe,Rollason,trollason48@delicious.com,240-693-2484,14-08-1983,BA in History
3753,Kathe,Wildgoose,kwildgoose49@studiopress.com,181-367-9410,18-05-2000,MSc in Data Science
3754,Willdon,Lowdes,wlowdes4a@psu.edu,164-255-6238,26-04-1987,MA in Public Policy
3755,Yance,Gronno,ygronno4b@marketwatch.com,247-661-3712,15-07-1989,BA in History
3756,Dev,Pocklington,dpocklington4c@delicious.com,703-750-8350,30-04-1985,MA in English Literature
3757,Idelle,Haresnape,iharesnape4d@xinhuanet.com,784-114-6270,29-12-1985,BA in History
3758,Cristionna,Whates,cwhates4e@paginegialle.it,360-202-3915,31-07-1993,MA in English Literature
3759,Fawne,Foskett,ffoskett4f@japanpost.jp,199-310-7111,12-06-1986,BSc in Environmental Science
3760,Ellynn,Giametti,egiametti4g@google.ca,229-454-8267,08-05-1999,MSc in Software Engineering
3761,Rhodia,Prendergrast,rprendergrast4h@si.edu,795-902-8266,04-01-1999,MSc in Data Science
3762,Pamella,Sharrocks,psharrocks4i@example.com,619-530-3233,27-11-1990,BA in Fine Arts
3763,Aloisia,Speedin,aspeedin4j@hugedomains.com,977-507-0537,24-09-1990,MSc in Data Science
3764,Raven,Kingsford,rkingsford4k@springer.com,778-690-8000,25-05-1985,BSc in Computer Science
3765,Pryce,Barnard,pbarnard4l@xrea.com,864-950-1251,07-04-1996,BSc in Software Engineering
3766,Ethelyn,Papachristophorou,epapachristophorou4m@typepad.com,476-885-8117,27-04-1987,MSc in Artificial Intelligence
3767,Berne,Dillingstone,bdillingstone4n@arizona.edu,491-423-2188,14-02-2000,MSc in Physics
3768,Myrta,Rosthorn,mrosthorn4o@nih.gov,501-716-9289,19-03-1991,MSc in Data Science
3769,Noach,Shipway,nshipway4p@pen.io,826-280-8730,20-11-1991,BA in Fine Arts
3770,Trixy,Dowdney,tdowdney4q@discuz.net,201-614-3701,16-10-1987,BA in Psychology
3771,Nathaniel,Sympson,nsympson4r@ed.gov,869-373-8834,23-11-1989,BSc in Mechanical Engineering
3772,Chan,Drane,cdrane4s@ocn.ne.jp,908-428-1172,24-12-1981,MA in Visual Arts
3773,Muhammad,Pactat,mpactat4t@latimes.com,115-144-1164,30-03-1985,BA in Philosophy
3774,Sergei,Ewells,sewells4u@mozilla.com,190-204-0408,02-11-1993,MSc in Data Science
3775,Wini,Corringham,wcorringham4v@51.la,423-678-5933,20-06-1999,BSc in Software Engineering
3776,Sterling,Prattington,sprattington4w@tripadvisor.com,889-467-2549,23-04-1995,MA in Psychology
3777,Arney,Gallaccio,agallaccio4x@creativecommons.org,647-932-5884,17-02-1998,MA in Psychology
3778,Terencio,Beynon,tbeynon4y@hhs.gov,954-608-0314,31-07-1997,MA in English Literature
3779,Christian,Whittlesee,cwhittlesee4z@marketwatch.com,980-620-9481,13-10-1991,BA in English Literature
3780,Den,Caron,dcaron50@examiner.com,149-255-9189,02-05-1996,MSc in Artificial Intelligence
3781,Gris,Mauger,gmauger51@goo.gl,629-973-9338,10-11-1981,MSc in Biochemistry
3782,Raquela,Suche,rsuche52@hc360.com,582-108-7908,13-11-1993,BSc in Mechanical Engineering
3783,Porty,Rozet,prozet53@loc.gov,871-794-6624,04-10-1998,MA in Sociology
3784,Abigale,Hackelton,ahackelton54@huffingtonpost.com,238-634-0135,08-09-1983,MSc in Software Engineering
3785,Moses,Archdeckne,marchdeckne55@dedecms.com,648-943-1903,28-09-1992,BA in Psychology
3786,Dimitri,Radnage,dradnage56@guardian.co.uk,257-320-1368,31-12-1986,MSc in Data Science
3787,Elyse,Ventom,eventom57@domainmarket.com,977-203-4762,09-11-1989,MSc in Environmental Engineering
3788,Thekla,Belderfield,tbelderfield58@chicagotribune.com,914-488-5020,07-02-1999,BSc in Biology
3789,Sean,Mandeville,smandeville59@ftc.gov,675-521-5868,26-11-1993,BSc in Biology
3790,Scarlett,Jovicic,sjovicic5a@abc.net.au,947-559-3675,25-04-1997,BA in English Literature
3791,Jecho,Denes,jdenes5b@google.com.br,499-223-0539,05-04-1981,MA in Public Policy
3792,Melisent,Goundrill,mgoundrill5c@bloglines.com,388-225-2152,27-03-1984,MA in English Literature
3793,Lilia,Farrimond,lfarrimond5d@opensource.org,459-219-8104,09-02-2000,BSc in Physics
3794,Dennison,Corton,dcorton5e@hubpages.com,392-121-6203,08-08-1997,BSc in Software Engineering
3795,Christel,Paolozzi,cpaolozzi5f@home.pl,138-872-7104,06-12-1990,BA in History
3796,Theodora,Gover,tgover5g@weibo.com,294-643-0346,25-11-1987,MSc in Physics
3797,Dante,Dumblton,ddumblton5h@ning.com,335-532-4799,19-08-1986,MSc in Software Engineering
3798,Vanny,Elcoat,velcoat5i@1und1.de,854-843-9957,17-06-1991,BSc in Physics
3799,Rahel,Mc Caghan,rmccaghan5j@google.de,822-609-4949,05-02-1986,BSc in Software Engineering
3800,Massimiliano,Ondricek,mondricek5k@unicef.org,712-273-6582,30-08-1988,MA in Sociology
3801,Frederik,Czajkowska,fczajkowska5l@cargocollective.com,210-200-2530,06-08-1997,MA in Sociology
3802,Tildie,Arson,tarson5m@dailymail.co.uk,608-618-3798,03-08-1982,MA in English Literature
3803,Vidovic,Crennan,vcrennan5n@yellowbook.com,480-856-4210,07-12-1999,BA in Psychology
3804,Breanne,Ainsworth,bainsworth5o@gizmodo.com,252-331-3528,01-09-1993,MSc in Environmental Engineering
3805,Marcus,Corps,mcorps5p@wikimedia.org,651-100-7166,15-09-1985,BA in Psychology
3806,Schuyler,Keady,skeady5q@mozilla.org,922-831-5808,01-03-1991,MA in English Literature
3807,Sayre,Dace,sdace5r@ox.ac.uk,214-506-5718,06-10-1992,BSc in Environmental Science
3808,Elinor,Fugere,efugere5s@php.net,362-884-3663,02-12-1988,MA in Public Policy
3809,Renaldo,Voce,rvoce5t@php.net,376-625-7868,30-07-1995,BA in Psychology
3810,Heriberto,Nollet,hnollet5u@twitpic.com,678-312-5071,12-03-1986,MSc in Physics
3811,Brynne,Klosterman,bklosterman5v@nifty.com,140-769-2687,02-07-1989,BSc in Computer Science
3812,Natalie,Celiz,nceliz5w@vk.com,398-934-6816,18-05-1995,MA in Psychology
3813,Issi,Pretti,ipretti5x@privacy.gov.au,592-748-7492,15-03-1986,BA in History
3814,Emmye,Deares,edeares5y@ameblo.jp,679-292-0570,09-03-1986,BSc in Computer Science
3815,Brendis,Gianetti,bgianetti5z@umich.edu,752-401-4181,16-03-1986,BA in History
3816,Annie,Lawrey,alawrey60@sourceforge.net,329-583-1438,07-08-1986,BA in Fine Arts
3817,Frederigo,Scatcher,fscatcher61@instagram.com,157-451-1655,18-04-1993,BA in English Literature
3818,Mignon,Fursse,mfursse62@go.com,467-328-8199,03-05-1982,MA in English Literature
3819,Tad,Caulwell,tcaulwell63@quantcast.com,632-193-2605,01-07-1994,BSc in Environmental Science
3820,Torey,Keel,tkeel64@unblog.fr,860-819-6683,18-06-2000,MSc in Environmental Engineering
3821,Nady,Wattingham,nwattingham65@thetimes.co.uk,581-527-6328,25-08-1996,BSc in Biology
3822,Doralin,Frend,dfrend66@dyndns.org,811-658-2218,21-01-1997,BA in Fine Arts
3823,Dionne,Ensor,densor67@skype.com,243-409-4982,17-07-1989,BA in Psychology
3824,Sigrid,Blunn,sblunn68@economist.com,131-906-4698,08-09-1988,BA in History
3825,Marchelle,Zelner,mzelner69@msn.com,209-231-3411,09-02-1985,BA in English Literature
3826,Michale,Rickhuss,mrickhuss6a@slideshare.net,230-651-7446,31-01-1994,MSc in Environmental Engineering
3827,Thorny,Arnaldy,tarnaldy6b@abc.net.au,965-219-2213,07-10-1997,BA in Psychology
3828,Raphael,Lauridsen,rlauridsen6c@loc.gov,674-522-1396,19-12-1997,BSc in Environmental Science
3829,Kearney,Tomkins,ktomkins6d@reddit.com,323-590-5374,06-05-1991,BA in History
3830,Lauritz,Union,lunion6e@qq.com,540-313-1904,11-03-1987,MA in Psychology
3831,Addie,Moulder,amoulder6f@smugmug.com,403-865-2324,12-07-1984,MA in Sociology
3832,Marv,Bonnin,mbonnin6g@lulu.com,464-158-7904,11-08-1981,MA in English Literature
3833,Chrissy,Van der Veldt,cvanderveldt6h@aol.com,870-217-4333,26-09-1983,BA in English Literature
3834,Joel,Lauks,jlauks6i@disqus.com,210-411-2205,05-02-1988,MA in Public Policy
3835,Niki,Venard,nvenard6j@sfgate.com,369-184-2433,13-12-1993,BA in Fine Arts
3836,Benjy,Comerford,bcomerford6k@trellian.com,498-565-2165,15-12-1993,BA in English Literature
3837,Davita,Somerbell,dsomerbell6l@aol.com,581-743-5528,05-07-1993,BA in Psychology
3838,Amy,Melia,amelia6m@ibm.com,649-383-0513,05-06-1997,BSc in Computer Science
3839,Valentina,Angrove,vangrove6n@people.com.cn,802-417-0273,19-01-1988,BSc in Mechanical Engineering
3840,Gian,Maly,gmaly6o@stanford.edu,326-256-5756,29-04-1999,BSc in Biology
3841,Rosmunda,Figgures,rfiggures6p@ucla.edu,807-534-0874,20-11-1981,MA in Psychology
3842,Bunny,Mallindine,bmallindine6q@exblog.jp,529-656-5525,26-09-1994,MSc in Physics
3843,Evanne,Wicks,ewicks6r@ifeng.com,300-644-8994,15-08-1996,MA in Public Policy
3844,Herb,Gimenez,hgimenez6s@dailymail.co.uk,303-281-8604,06-10-1989,MSc in Environmental Engineering
3845,Lenci,Van Merwe,lvanmerwe6t@blogtalkradio.com,971-829-1135,20-10-1983,MA in English Literature
3846,Brooke,Le Breton,blebreton6u@addtoany.com,980-818-4869,15-06-1987,BSc in Biology
3847,Yardley,Orts,yorts6v@eventbrite.com,530-563-9085,20-07-1981,BA in Fine Arts
3848,Sally,Firman,sfirman6w@telegraph.co.uk,329-306-7416,09-03-1994,BSc in Biology
3849,Ingamar,Tassaker,itassaker6x@nifty.com,623-587-5186,23-07-1986,BA in Psychology
3850,Ariella,Grishukov,agrishukov6y@shinystat.com,863-690-3442,24-12-1982,MSc in Biochemistry
3851,Sibeal,Trodden,strodden6z@miibeian.gov.cn,749-352-4263,23-07-1990,BA in English Literature
3852,Lionello,Raffon,lraffon70@odnoklassniki.ru,612-595-4237,28-03-1982,BA in Philosophy
3853,Lindsay,Hallwood,lhallwood71@icq.com,849-124-3323,15-02-1982,BA in Philosophy
3854,Herve,Farnill,hfarnill72@yahoo.co.jp,603-779-0769,10-02-1990,BA in History
3855,Cordy,Tyreman,ctyreman73@businessinsider.com,668-210-1471,27-10-1981,MA in English Literature
3856,Misty,Bodell,mbodell74@opera.com,737-966-4316,02-08-1992,MA in Psychology
3857,Gweneth,Innocenti,ginnocenti75@flavors.me,987-613-7009,19-05-1992,MSc in Data Science
3858,Karola,Hodgon,khodgon76@abc.net.au,752-480-8991,30-12-1993,BSc in Mechanical Engineering
3859,Melinda,Hastwell,mhastwell77@nba.com,226-936-3528,07-07-2000,MA in Public Policy
3860,Solly,Tomasutti,stomasutti78@bandcamp.com,106-692-7152,23-10-1990,BA in English Literature
3861,Babb,Andrysek,bandrysek79@lulu.com,819-772-1584,26-01-2000,BSc in Biology
3862,Sashenka,Greenhouse,sgreenhouse7a@surveymonkey.com,976-298-1036,10-10-1988,BA in History
3863,Dagny,Goligly,dgoligly7b@tuttocitta.it,303-230-7922,12-12-1983,BSc in Mechanical Engineering
3864,Bill,Dur,bdur7c@engadget.com,560-357-6604,08-04-1994,BA in History
3865,Cello,Wanless,cwanless7d@imgur.com,614-694-3435,28-09-1981,MA in English Literature
3866,Lani,Baldry,lbaldry7e@shinystat.com,150-958-9509,20-06-1996,MA in Sociology
3867,Earl,Maren,emaren7f@amazon.com,326-616-2024,14-09-1998,MA in Public Policy
3868,Webster,Hensmans,whensmans7g@prlog.org,369-647-9591,01-04-1992,MA in Sociology
3869,Yolanthe,Doogue,ydoogue7h@reference.com,550-146-0495,29-06-1984,MA in English Literature
3870,Cirstoforo,Mont,cmont7i@jalbum.net,998-333-4213,07-12-1982,MA in English Literature
3871,Xever,Nettles,xnettles7j@reddit.com,105-980-0221,22-01-1981,BA in History
3872,Clem,Ambrogiotti,cambrogiotti7k@engadget.com,955-103-9674,17-04-1985,MSc in Artificial Intelligence
3873,Mandy,Doncom,mdoncom7l@fema.gov,172-289-2961,09-08-1995,BA in Philosophy
3874,Elisa,Keady,ekeady7m@stumbleupon.com,442-952-0586,08-07-1989,BA in English Literature
3875,Nial,Jory,njory7n@oaic.gov.au,290-263-4826,12-11-1987,BSc in Mechanical Engineering
3876,Chrissy,Langcaster,clangcaster7o@infoseek.co.jp,531-875-0077,14-12-1983,BSc in Computer Science
3877,Sinclair,Allward,sallward7p@homestead.com,251-452-5902,11-09-1997,BSc in Physics
3878,Grissel,Ivshin,givshin7q@posterous.com,687-403-2184,24-10-1987,BSc in Environmental Science
3879,Iseabal,Eck,ieck7r@phpbb.com,856-164-9582,05-11-1987,BSc in Environmental Science
3880,Ranna,Batters,rbatters7s@taobao.com,406-994-0980,27-02-1985,MSc in Data Science
3881,Ab,Delia,adelia7t@msn.com,524-956-6168,08-09-1995,MSc in Artificial Intelligence
3882,Scot,Freathy,sfreathy7u@goo.gl,784-914-3470,26-10-1991,BA in Fine Arts
3883,Valery,Dearlove,vdearlove7v@google.ca,597-388-4910,24-08-1986,BSc in Software Engineering
3884,Levey,Vasiliu,lvasiliu7w@forbes.com,879-910-1778,30-12-1990,BSc in Mechanical Engineering
3885,Jake,Blazewicz,jblazewicz7x@1688.com,928-125-4895,22-09-1995,BSc in Computer Science
3886,Nefen,Chaudrelle,nchaudrelle7y@nymag.com,872-658-0227,27-03-2000,BSc in Physics
3887,Markos,Camacke,mcamacke7z@sbwire.com,189-114-9643,24-08-1991,BSc in Mechanical Engineering
3888,Andra,Doutch,adoutch80@furl.net,864-513-6589,16-02-1997,BA in Fine Arts
3889,Marys,Cracknall,mcracknall81@nationalgeographic.com,170-539-5907,13-06-1993,BA in Fine Arts
3890,Manolo,Parminter,mparminter82@trellian.com,310-270-2302,25-06-1995,BSc in Mechanical Engineering
3891,Myrah,Mingo,mmingo83@youtube.com,447-793-3064,19-10-1982,MSc in Artificial Intelligence
3892,Wallace,Beddows,wbeddows84@ca.gov,472-201-7333,30-10-1984,BA in Fine Arts
3893,Alia,Antoszewski,aantoszewski85@alibaba.com,750-673-3040,17-05-1986,BSc in Mechanical Engineering
3894,Irving,Abbes,iabbes86@dmoz.org,488-465-7530,20-06-1984,MA in Public Policy
3895,Nanon,Messham,nmessham87@wordpress.com,220-756-5428,20-06-1991,MSc in Software Engineering
3896,Keir,Coulthart,kcoulthart88@issuu.com,287-462-1094,05-03-1999,MSc in Biochemistry
3897,Ignatius,Skone,iskone89@epa.gov,644-468-6717,17-08-1995,BSc in Computer Science
3898,Gardner,Goldthorpe,ggoldthorpe8a@deviantart.com,278-800-8131,08-06-1985,MA in Sociology
3899,Florian,Matzaitis,fmatzaitis8b@patch.com,995-176-0994,22-01-1984,BSc in Software Engineering
3900,Ermengarde,Van Rembrandt,evanrembrandt8c@dropbox.com,417-447-3767,03-10-1988,BSc in Computer Science
3901,Eada,Schruurs,eschruurs8d@eepurl.com,267-275-3533,10-03-1981,BSc in Biology
3902,Dani,Imlaw,dimlaw8e@wordpress.com,861-348-7318,09-02-1983,MSc in Data Science
3903,Merralee,Bardwell,mbardwell8f@examiner.com,123-548-4566,26-12-1993,MA in Psychology
3904,Ernaline,Lanbertoni,elanbertoni8g@tamu.edu,624-440-7771,12-12-1989,MSc in Biochemistry
3905,Sherwynd,Snaden,ssnaden8h@howstuffworks.com,397-502-0388,21-03-1984,MA in Sociology
3906,Shanna,Manis,smanis8i@networksolutions.com,329-781-0324,29-08-1982,BA in Psychology
3907,Suzette,Dimitrescu,sdimitrescu8j@sourceforge.net,340-339-7362,19-02-1992,MSc in Environmental Engineering
3908,Cherey,Mengo,cmengo8k@reverbnation.com,594-332-2556,27-04-1991,MA in Public Policy
3909,Maribel,Berecloth,mberecloth8l@foxnews.com,357-129-3646,14-10-1994,MA in Sociology
3910,Marilyn,Glendinning,mglendinning8m@stumbleupon.com,315-904-8023,02-12-1993,MA in Psychology
3911,Dorine,Westberg,dwestberg8n@mozilla.org,127-143-2342,26-11-1983,BA in Philosophy
3912,Hermy,Cappel,hcappel8o@amazon.com,378-685-5782,10-03-2000,MSc in Biochemistry
3913,Ty,De Simone,tdesimone8p@fastcompany.com,569-937-8836,13-08-1995,BSc in Software Engineering
3914,Dory,McVeigh,dmcveigh8q@cnn.com,278-811-8598,25-12-1987,MA in Sociology
3915,Darlleen,Dodshun,ddodshun8r@arizona.edu,156-148-2991,25-10-1986,BA in Fine Arts
3916,Fancy,Whitman,fwhitman8s@squarespace.com,418-837-4340,02-05-1990,BA in English Literature
3917,Bobby,Boyle,bboyle8t@timesonline.co.uk,619-433-0054,23-03-1983,BA in Philosophy
3918,Angelina,Brigg,abrigg8u@elegantthemes.com,576-109-2182,28-05-1994,BSc in Biology
3919,Meredith,Rodders,mrodders8v@opera.com,905-166-1836,15-05-1995,MSc in Environmental Engineering
3920,Karim,O'Kerin,kokerin8w@booking.com,590-308-8283,20-01-1994,MSc in Biochemistry
3921,Zenia,Degue,zdegue8x@utexas.edu,643-228-7335,06-06-1999,BA in Philosophy
3922,Correna,Mulvaney,cmulvaney8y@economist.com,983-938-2406,20-02-1984,BSc in Computer Science
3923,Germaine,Worrill,gworrill8z@diigo.com,899-666-7818,02-06-1998,MSc in Artificial Intelligence
3924,Meredeth,Emloch,memloch90@sphinn.com,982-978-4591,02-08-1997,MA in Public Policy
3925,Ange,McCaughren,amccaughren91@simplemachines.org,914-582-7214,21-02-1988,MSc in Biochemistry
3926,Kathryne,Josipovic,kjosipovic92@icq.com,586-948-4155,03-02-1994,MSc in Software Engineering
3927,Fransisco,Urien,furien93@mlb.com,285-932-0525,05-06-1987,BSc in Environmental Science
3928,Jena,Maskall,jmaskall94@quantcast.com,387-338-1053,23-12-1987,MSc in Biochemistry
3929,Alon,Chazerand,achazerand95@storify.com,301-428-5052,02-05-1998,MA in Psychology
3930,Rory,Peatman,rpeatman96@nationalgeographic.com,417-428-0628,30-10-1982,BSc in Mechanical Engineering
3931,Jeramey,Stable,jstable97@bizjournals.com,388-287-7790,09-07-1993,BSc in Physics
3932,Julina,Laurisch,jlaurisch98@microsoft.com,219-372-9520,10-05-1994,MA in Visual Arts
3933,Bonni,Axcell,baxcell99@wikimedia.org,487-492-0423,12-04-1984,MSc in Software Engineering
3934,Alethea,Ferrie,aferrie9a@ucla.edu,367-853-6952,24-06-1990,MA in Psychology
3935,Valina,Wakeling,vwakeling9b@hp.com,979-227-6528,15-05-1992,MSc in Artificial Intelligence
3936,Loralie,Storm,lstorm9c@symantec.com,889-526-8076,17-02-1999,BSc in Mechanical Engineering
3937,Lynette,Stirtle,lstirtle9d@redcross.org,736-369-0615,24-09-1986,BSc in Mechanical Engineering
3938,Der,Gaywood,dgaywood9e@time.com,976-849-6876,11-07-1981,MA in English Literature
3939,Anny,Larrosa,alarrosa9f@wikispaces.com,342-135-3087,21-10-1994,MSc in Artificial Intelligence
3940,Meade,Badwick,mbadwick9g@google.pl,837-574-2721,08-03-1998,BA in English Literature
3941,Desiree,Nisbith,dnisbith9h@4shared.com,362-887-2088,15-04-1997,BA in Philosophy
3942,Magnum,Cowthart,mcowthart9i@ask.com,117-378-3451,06-06-2000,BSc in Biology
3943,Mil,Jenner,mjenner9j@usatoday.com,552-473-7848,05-04-1996,BSc in Environmental Science
3944,Sula,Linskill,slinskill9k@is.gd,726-992-0611,26-12-1983,MA in Sociology
3945,Shepperd,Townshend,stownshend9l@bloglovin.com,363-280-9808,30-10-1993,BA in Philosophy
3946,Marc,Eagan,meagan9m@mashable.com,523-318-7088,08-07-1992,BA in Philosophy
3947,Charlena,Goricke,cgoricke9n@marketwatch.com,615-815-9610,07-10-1994,BSc in Software Engineering
3948,Langston,Thornley,lthornley9o@biblegateway.com,570-188-4933,01-06-1994,BSc in Biology
3949,Sandye,Viger,sviger9p@bloomberg.com,880-833-3670,10-02-1998,MA in Psychology
3950,Milka,Maldin,mmaldin9q@independent.co.uk,566-379-4975,18-03-1994,BA in Psychology
3951,Prentice,Hacquoil,phacquoil9r@nhs.uk,464-891-7204,16-11-1989,BSc in Environmental Science
3952,Kelley,Samsonsen,ksamsonsen9s@infoseek.co.jp,520-587-6182,21-01-1990,MA in Public Policy
3953,Sarine,Blackway,sblackway9t@dailymail.co.uk,917-104-9010,11-11-1989,MA in Visual Arts
3954,Avril,Widdowes,awiddowes9u@reddit.com,224-580-0865,29-09-1992,MSc in Artificial Intelligence
3955,Regan,McGauhy,rmcgauhy9v@ycombinator.com,389-335-6388,05-03-1996,BA in History
3956,Sigmund,Abbiss,sabbiss9w@creativecommons.org,212-482-5115,20-01-1998,BSc in Environmental Science
3957,Stewart,Spellecy,sspellecy9x@people.com.cn,164-702-6618,23-06-2000,MSc in Environmental Engineering
3958,Denney,Pollins,dpollins9y@cafepress.com,771-965-6739,05-06-1996,BA in Fine Arts
3959,Bay,Cogzell,bcogzell9z@skype.com,533-216-6302,18-10-1995,MSc in Environmental Engineering
3960,Chilton,Pettingall,cpettingalla0@shinystat.com,545-568-3429,13-04-1999,BSc in Software Engineering
3961,Shirley,Grazier,sgraziera1@sphinn.com,752-880-2608,02-01-1991,BSc in Software Engineering
3962,Sterne,Leary,slearya2@fastcompany.com,174-378-9592,19-02-1984,MSc in Biochemistry
3963,Charyl,Gaskarth,cgaskartha3@skyrock.com,970-384-6061,18-02-1983,MA in Public Policy
3964,Constantine,Durman,cdurmana4@aboutads.info,718-976-5846,02-06-1988,MA in Sociology
3965,Grant,Twycross,gtwycrossa5@usnews.com,960-260-1937,15-09-1994,MSc in Physics
3966,Flinn,Walding,fwaldinga6@about.me,239-935-0286,30-08-1996,BSc in Software Engineering
3967,Averyl,Futty,afuttya7@state.gov,174-951-1585,13-10-1993,BSc in Physics
3968,Kellen,Dobkin,kdobkina8@sourceforge.net,767-483-2046,28-10-1992,MSc in Biochemistry
3969,Erena,Anthoin,eanthoina9@bravesites.com,723-850-7863,21-03-1994,MA in Psychology
3970,Gilbert,Bayldon,gbayldonaa@flickr.com,194-219-5125,01-03-2000,MSc in Environmental Engineering
3971,Hendrika,Lowensohn,hlowensohnab@liveinternet.ru,987-445-2938,18-05-1997,MA in English Literature
3972,Tonya,Goalby,tgoalbyac@prweb.com,647-845-2599,21-12-1999,BSc in Environmental Science
3973,Gillan,Francescuccio,gfrancescuccioad@ezinearticles.com,650-903-7281,06-02-1981,MSc in Environmental Engineering
3974,Parry,Holtum,pholtumae@vinaora.com,341-632-4245,05-09-1994,BA in English Literature
3975,Lenka,Arnot,larnotaf@skype.com,572-793-4590,25-09-1986,MA in Public Policy
3976,Hildagarde,Caudwell,hcaudwellag@go.com,840-903-6109,17-01-1993,MA in Sociology
3977,Gerti,Burston,gburstonah@eventbrite.com,866-782-2700,24-06-1992,BA in History
3978,Dorisa,Clace,dclaceai@sun.com,702-986-1446,17-04-1983,MSc in Physics
3979,Ynes,Collick,ycollickaj@spotify.com,794-388-9579,22-10-1988,MSc in Artificial Intelligence
3980,Sarina,Gruczka,sgruczkaak@pcworld.com,991-416-9463,24-11-1994,MA in Visual Arts
3981,Reinaldo,Caswill,rcaswillal@msu.edu,531-737-8773,23-05-1987,MA in Sociology
3982,Beauregard,Snoddy,bsnoddyam@baidu.com,425-412-3195,02-01-1988,MA in Visual Arts
3983,Lulita,Whettleton,lwhettletonan@amazon.co.jp,291-233-1599,27-12-1984,BA in Psychology
3984,Therese,Parrington,tparringtonao@cnbc.com,607-217-9625,02-06-1984,BSc in Computer Science
3985,Annabal,Licari,alicariap@ucla.edu,738-118-8299,25-03-1998,MSc in Artificial Intelligence
3986,Eada,Bletsor,ebletsoraq@rediff.com,968-228-4071,16-02-1999,MSc in Environmental Engineering
3987,Nikolaos,Groger,ngrogerar@mapquest.com,423-748-2404,12-01-1992,MSc in Biochemistry
3988,Kelcie,Kondratovich,kkondratovichas@abc.net.au,535-481-0057,28-04-2000,BA in Psychology
3989,Matthew,Levens,mlevensat@fda.gov,670-364-4497,29-10-1988,BSc in Physics
3990,Karlik,Tyzack,ktyzackau@adobe.com,414-342-0371,18-11-1988,BA in English Literature
3991,Clint,Fiddian,cfiddianav@techcrunch.com,335-787-6049,21-06-1999,MSc in Environmental Engineering
3992,Wildon,Dodamead,wdodameadaw@prweb.com,763-738-2120,24-07-1986,MSc in Data Science
3993,Elisabeth,McGrey,emcgreyax@cbslocal.com,293-125-6400,28-09-1993,MSc in Environmental Engineering
3994,Kendrick,Waple,kwapleay@a8.net,748-451-4863,30-06-1994,BA in Psychology
3995,Nathalia,Jerok,njerokaz@engadget.com,624-830-5394,27-05-1995,BA in Fine Arts
3996,Douglass,De Beneditti,ddebenedittib0@utexas.edu,457-535-7408,19-08-1984,MSc in Biochemistry
3997,Baron,Braddick,bbraddickb1@google.co.uk,566-719-2535,18-04-1981,BSc in Environmental Science
3998,Tyrus,By,tbyb2@reverbnation.com,804-744-9992,02-05-1991,BSc in Physics
3999,Tailor,Shotter,tshotterb3@mlb.com,986-295-9413,12-04-1991,BA in Philosophy
